Regione,Provincia,Comune
Abruzzo,Chieti,Bomba
Abruzzo,Chieti,Casalbordino
Abruzzo,Chieti,Casoli
Abruzzo,Chieti,Castel Frentano
Abruzzo,Chieti,Castelguidone
Abruzzo,Chieti,Chieti
Abruzzo,Chieti,Fallo
Abruzzo,Chieti,Fara Filiorum Petri
Abruzzo,Chieti,Filetto
Abruzzo,Chieti,Fraine
Abruzzo,Chieti,Francavilla al Mare
Abruzzo,Chieti,Gessopalena
Abruzzo,Chieti,Giuliano Teatino
Abruzzo,Chieti,Lanciano
Abruzzo,Chieti,Montazzoli
Abruzzo,Chieti,Mozzagrogna
Abruzzo,Chieti,Ortona
Abruzzo,Chieti,Pennapiedimonte
Abruzzo,Chieti,Perano
Abruzzo,Chieti,Pietraferrazzana
Abruzzo,Chieti,Pizzoferrato
Abruzzo,Chieti,Quadri
Abruzzo,Chieti,Ripa Teatina
Abruzzo,Chieti,San Salvo
Abruzzo,Chieti,Sant'Eusanio del Sangro
Abruzzo,Chieti,Tollo
Abruzzo,Chieti,Torrevecchia Teatina
Abruzzo,Chieti,Vasto
Abruzzo,L'Aquila,Aielli
Abruzzo,L'Aquila,Ateleta
Abruzzo,L'Aquila,Avezzano
Abruzzo,L'Aquila,Balsorano
Abruzzo,L'Aquila,Barrea
Abruzzo,L'Aquila,Cagnano Amiterno
Abruzzo,L'Aquila,Campo di Giove
Abruzzo,L'Aquila,Campotosto
Abruzzo,L'Aquila,Castelvecchio Calvisio
Abruzzo,L'Aquila,Civita d'Antino
Abruzzo,L'Aquila,Cocullo
Abruzzo,L'Aquila,Gagliano Aterno
Abruzzo,L'Aquila,Introdacqua
Abruzzo,L'Aquila,L'Aquila
Abruzzo,L'Aquila,Molina Aterno
Abruzzo,L'Aquila,Ortona dei Marsi
Abruzzo,L'Aquila,Ortucchio
Abruzzo,L'Aquila,Pereto
Abruzzo,L'Aquila,Pescina
Abruzzo,L'Aquila,Pescocostanzo
Abruzzo,L'Aquila,Pizzoli
Abruzzo,L'Aquila,Pratola Peligna
Abruzzo,L'Aquila,Rivisondoli
Abruzzo,L'Aquila,San Benedetto dei Marsi
Abruzzo,L'Aquila,Sulmona
Abruzzo,L'Aquila,Villa Santa Lucia degli Abruzzi
Abruzzo,Pescara,Bolognano
Abruzzo,Pescara,Cepagatti
Abruzzo,Pescara,Città Sant'Angelo
Abruzzo,Pescara,Elice
Abruzzo,Pescara,Manoppello
Abruzzo,Pescara,Montesilvano
Abruzzo,Pescara,Moscufo
Abruzzo,Pescara,Pescara
Abruzzo,Pescara,Pescosansonesco
Abruzzo,Pescara,Roccamorice
Abruzzo,Pescara,Sant'Eufemia a Maiella
Abruzzo,Pescara,Scafa
Abruzzo,Pescara,Spoltore
Abruzzo,Teramo,Alba Adriatica
Abruzzo,Teramo,Arsita
Abruzzo,Teramo,Atri
Abruzzo,Teramo,Castellalto
Abruzzo,Teramo,Civitella del Tronto
Abruzzo,Teramo,Controguerra
Abruzzo,Teramo,Crognaleto
Abruzzo,Teramo,Giulianova
Abruzzo,Teramo,Martinsicuro
Abruzzo,Teramo,Notaresco
Abruzzo,Teramo,Penna Sant'Andrea
Abruzzo,Teramo,Pietracamela
Abruzzo,Teramo,Roseto degli Abruzzi
Abruzzo,Teramo,Sant'Omero
Abruzzo,Teramo,Silvi
Abruzzo,Teramo,Teramo
Abruzzo,Teramo,Tortoreto
Basilicata,Matera,Accettura
Basilicata,Matera,Bernalda
Basilicata,Matera,Calciano
Basilicata,Matera,Ferrandina
Basilicata,Matera,Grassano
Basilicata,Matera,Matera
Basilicata,Matera,Montalbano Jonico
Basilicata,Matera,Oliveto Lucano
Basilicata,Matera,Pisticci
Basilicata,Matera,Policoro
Basilicata,Matera,Salandra
Basilicata,Matera,Scanzano Jonico
Basilicata,Matera,Stigliano
Basilicata,Matera,Tricarico
Basilicata,Potenza,Avigliano
Basilicata,Potenza,Banzi
Basilicata,Potenza,Bella
Basilicata,Potenza,Calvello
Basilicata,Potenza,Castronuovo di Sant'Andrea
Basilicata,Potenza,Cersosimo
Basilicata,Potenza,Chiaromonte
Basilicata,Potenza,Corleto Perticara
Basilicata,Potenza,Forenza
Basilicata,Potenza,Ginestra
Basilicata,Potenza,Lagonegro
Basilicata,Potenza,Latronico
Basilicata,Potenza,Lauria
Basilicata,Potenza,Lavello
Basilicata,Potenza,Marsico Nuovo
Basilicata,Potenza,Marsicovetere
Basilicata,Potenza,Melfi
Basilicata,Potenza,Missanello
Basilicata,Potenza,Nemoli
Basilicata,Potenza,Oppido Lucano
Basilicata,Potenza,Pescopagano
Basilicata,Potenza,Picerno
Basilicata,Potenza,Pietragalla
Basilicata,Potenza,Pignola
Basilicata,Potenza,Potenza
Basilicata,Potenza,Rionero in Vulture
Basilicata,Potenza,San Fele
Basilicata,Potenza,San Severino Lucano
Basilicata,Potenza,Sant'Arcangelo
Basilicata,Potenza,Sasso di Castalda
Basilicata,Potenza,Terranova di Pollino
Basilicata,Potenza,Tolve
Basilicata,Potenza,Trecchina
Basilicata,Potenza,Venosa
Basilicata,Potenza,Vietri di Potenza
Basilicata,Potenza,Viggianello
Calabria,Catanzaro,Amaroni
Calabria,Catanzaro,Catanzaro
Calabria,Catanzaro,Chiaravalle Centrale
Calabria,Catanzaro,Curinga
Calabria,Catanzaro,Decollatura
Calabria,Catanzaro,Fossato Serralta
Calabria,Catanzaro,Lamezia Terme
Calabria,Catanzaro,Marcedusa
Calabria,Catanzaro,Miglierina
Calabria,Catanzaro,Nocera Terinese
Calabria,Catanzaro,Pentone
Calabria,Catanzaro,Petrizzi
Calabria,Catanzaro,Serrastretta
Calabria,Catanzaro,Settingiano
Calabria,Catanzaro,Simeri Crichi
Calabria,Catanzaro,Soverato
Calabria,Catanzaro,Soveria Simeri
Calabria,Catanzaro,Stalettì
Calabria,Catanzaro,Torre di Ruggiero
Calabria,Catanzaro,Zagarise
Calabria,Cosenza,Acquappesa
Calabria,Cosenza,Acri
Calabria,Cosenza,Amantea
Calabria,Cosenza,Aprigliano
Calabria,Cosenza,Belsito
Calabria,Cosenza,Bisignano
Calabria,Cosenza,Bocchigliero
Calabria,Cosenza,Calopezzati
Calabria,Cosenza,Cariati
Calabria,Cosenza,Castroregio
Calabria,Cosenza,Castrovillari
Calabria,Cosenza,Corigliano-Rossano
Calabria,Cosenza,Cosenza
Calabria,Cosenza,Cropalati
Calabria,Cosenza,Francavilla Marittima
Calabria,Cosenza,Fuscaldo
Calabria,Cosenza,Grisolia
Calabria,Cosenza,Guardia Piemontese
Calabria,Cosenza,Laino Castello
Calabria,Cosenza,Lattarico
Calabria,Cosenza,Longobucco
Calabria,Cosenza,Malvito
Calabria,Cosenza,Marano Marchesato
Calabria,Cosenza,Montalto Uffugo
Calabria,Cosenza,Paola
Calabria,Cosenza,Papasidero
Calabria,Cosenza,Parenti
Calabria,Cosenza,Pietrapaola
Calabria,Cosenza,Rende
Calabria,Cosenza,Rose
Calabria,Cosenza,Rovito
Calabria,Cosenza,San Benedetto Ullano
Calabria,Cosenza,San Giovanni in Fiore
Calabria,Cosenza,San Lorenzo Bellizzi
Calabria,Cosenza,San Marco Argentano
Calabria,Cosenza,San Nicola Arcella
Calabria,Cosenza,San Pietro in Guarano
Calabria,Cosenza,Santa Caterina Albanese
Calabria,Cosenza,Santa Domenica Talao
Calabria,Cosenza,Saracena
Calabria,Cosenza,Scalea
Calabria,Cosenza,Spezzano Albanese
Calabria,Cosenza,Villapiana
Calabria,Crotone,Belvedere di Spinello
Calabria,Crotone,Cirò
Calabria,Crotone,Cirò Marina
Calabria,Crotone,Crotone
Calabria,Crotone,Cutro
Calabria,Crotone,Isola di Capo Rizzuto
Calabria,Crotone,Mesoraca
Calabria,Crotone,Petilia Policastro
Calabria,Crotone,Umbriatico
Calabria,Reggio Calabria,Agnana Calabra
Calabria,Reggio Calabria,Anoia
Calabria,Reggio Calabria,Bagnara Calabra
Calabria,Reggio Calabria,Bivongi
Calabria,Reggio Calabria,Bova
Calabria,Reggio Calabria,Camini
Calabria,Reggio Calabria,Campo Calabro
Calabria,Reggio Calabria,Careri
Calabria,Reggio Calabria,Cinquefrondi
Calabria,Reggio Calabria,Gerace
Calabria,Reggio Calabria,Giffone
Calabria,Reggio Calabria,Gioia Tauro
Calabria,Reggio Calabria,Laureana di Borrello
Calabria,Reggio Calabria,Maropati
Calabria,Reggio Calabria,Melicucco
Calabria,Reggio Calabria,Motta San Giovanni
Calabria,Reggio Calabria,Palmi
Calabria,Reggio Calabria,Polistena
Calabria,Reggio Calabria,Reggio di Calabria
Calabria,Reggio Calabria,Roghudi
Calabria,Reggio Calabria,Rosarno
Calabria,Reggio Calabria,San Giorgio Morgeto
Calabria,Reggio Calabria,San Procopio
Calabria,Reggio Calabria,Sant'Eufemia d'Aspromonte
Calabria,Reggio Calabria,Scido
Calabria,Reggio Calabria,Siderno
Calabria,Reggio Calabria,Villa San Giovanni
Calabria,Vibo Valentia,Arena
Calabria,Vibo Valentia,Francica
Calabria,Vibo Valentia,Joppolo
Calabria,Vibo Valentia,Maierato
Calabria,Vibo Valentia,Nicotera
Calabria,Vibo Valentia,Rombiolo
Calabria,Vibo Valentia,San Calogero
Calabria,Vibo Valentia,Sant'Onofrio
Calabria,Vibo Valentia,Serra San Bruno
Calabria,Vibo Valentia,Stefanaconi
Calabria,Vibo Valentia,Vallelonga
Calabria,Vibo Valentia,Vazzano
Calabria,Vibo Valentia,Vibo Valentia
Campania,Avellino,Aiello del Sabato
Campania,Avellino,Ariano Irpino
Campania,Avellino,Avellino
Campania,Avellino,Bisaccia
Campania,Avellino,Forino
Campania,Avellino,Grottaminarda
Campania,Avellino,Lacedonia
Campania,Avellino,Lioni
Campania,Avellino,Mercogliano
Campania,Avellino,Montaguto
Campania,Avellino,Montefalcione
Campania,Avellino,Monteforte Irpino
Campania,Avellino,Montefusco
Campania,Avellino,Montella
Campania,Avellino,Montemarano
Campania,Avellino,Montoro
Campania,Avellino,Moschiano
Campania,Avellino,Pago del Vallo di Lauro
Campania,Avellino,Paternopoli
Campania,Avellino,Quindici
Campania,Avellino,San Michele di Serino
Campania,Avellino,San Nicola Baronia
Campania,Avellino,Santa Lucia di Serino
Campania,Avellino,Sant'Andrea di Conza
Campania,Avellino,Sant'Angelo a Scala
Campania,Avellino,Sturno
Campania,Avellino,Teora
Campania,Avellino,Trevico
Campania,Avellino,Vallata
Campania,Avellino,Volturara Irpina
Campania,Avellino,Zungoli
Campania,Benevento,Apice
Campania,Benevento,Arpaia
Campania,Benevento,Benevento
Campania,Benevento,Castelfranco in Miscano
Campania,Benevento,Castelpagano
Campania,Benevento,Frasso Telesino
Campania,Benevento,Moiano
Campania,Benevento,Montesarchio
Campania,Benevento,Pannarano
Campania,Benevento,Paupisi
Campania,Benevento,Pietrelcina
Campania,Benevento,Ponte
Campania,Benevento,Reino
Campania,Benevento,San Bartolomeo in Galdo
Campania,Benevento,San Giorgio del Sannio
Campania,Benevento,San Martino Sannita
Campania,Benevento,Sant'Arcangelo Trimonte
Campania,Benevento,Solopaca
Campania,Benevento,Torrecuso
Campania,Benevento,Vitulano
Campania,Caserta,Alife
Campania,Caserta,Aversa
Campania,Caserta,Capua
Campania,Caserta,Carinola
Campania,Caserta,Casagiove
Campania,Caserta,Casal di Principe
Campania,Caserta,Caserta
Campania,Caserta,Castel Volturno
Campania,Caserta,Cellole
Campania,Caserta,Conca della Campania
Campania,Caserta,Formicola
Campania,Caserta,Francolise
Campania,Caserta,Gricignano di Aversa
Campania,Caserta,Letino
Campania,Caserta,Lusciano
Campania,Caserta,Maddaloni
Campania,Caserta,Marcianise
Campania,Caserta,Mondragone
Campania,Caserta,Orta di Atella
Campania,Caserta,Parete
Campania,Caserta,Piedimonte Matese
Campania,Caserta,Pietramelara
Campania,Caserta,Pietravairano
Campania,Caserta,Pignataro Maggiore
Campania,Caserta,Pontelatone
Campania,Caserta,Presenzano
Campania,Caserta,Rocca d'Evandro
Campania,Caserta,Roccamonfina
Campania,Caserta,San Cipriano d'Aversa
Campania,Caserta,San Marcellino
Campania,Caserta,San Nicola la Strada
Campania,Caserta,San Tammaro
Campania,Caserta,Santa Maria Capua Vetere
Campania,Caserta,Sant'Angelo d'Alife
Campania,Caserta,Sant'Arpino
Campania,Caserta,Sessa Aurunca
Campania,Caserta,Teverola
Campania,Caserta,Trentola Ducenta
Campania,Caserta,Vairano Patenora
Campania,Caserta,Villa di Briano
Campania,Caserta,Villa Literno
Campania,Napoli,Acerra
Campania,Napoli,Agerola
Campania,Napoli,Arzano
Campania,Napoli,Bacoli
Campania,Napoli,Boscoreale
Campania,Napoli,Boscotrecase
Campania,Napoli,Brusciano
Campania,Napoli,Caivano
Campania,Napoli,Calvizzano
Campania,Napoli,Cardito
Campania,Napoli,Casalnuovo di Napoli
Campania,Napoli,Casamicciola Terme
Campania,Napoli,Casandrino
Campania,Napoli,Casavatore
Campania,Napoli,Casoria
Campania,Napoli,Castellammare di Stabia
Campania,Napoli,Castello di Cisterna
Campania,Napoli,Crispano
Campania,Napoli,Ercolano
Campania,Napoli,Forio
Campania,Napoli,Frattamaggiore
Campania,Napoli,Frattaminore
Campania,Napoli,Giugliano in Campania
Campania,Napoli,Gragnano
Campania,Napoli,Grumo Nevano
Campania,Napoli,Ischia
Campania,Napoli,Lettere
Campania,Napoli,Marano di Napoli
Campania,Napoli,Marano di Napoli
Campania,Napoli,Marigliano
Campania,Napoli,Massa di Somma
Campania,Napoli,Massa Lubrense
Campania,Napoli,Melito di Napoli
Campania,Napoli,Monte di Procida
Campania,Napoli,Mugnano di Napoli
Campania,Napoli,Napoli
Campania,Napoli,Nola
Campania,Napoli,Ottaviano
Campania,Napoli,Palma Campania
Campania,Napoli,Pimonte
Campania,Napoli,Poggiomarino
Campania,Napoli,Pomigliano d'Arco
Campania,Napoli,Pompei
Campania,Napoli,Portici
Campania,Napoli,Pozzuoli
Campania,Napoli,Procida
Campania,Napoli,Qualiano
Campania,Napoli,Quarto
Campania,Napoli,San Gennaro Vesuviano
Campania,Napoli,San Giorgio a Cremano
Campania,Napoli,San Giuseppe Vesuviano
Campania,Napoli,Santa Maria la Carità
Campania,Napoli,Sant'Anastasia
Campania,Napoli,Sant'Antimo
Campania,Napoli,Sant'Antonio Abate
Campania,Napoli,Scisciano
Campania,Napoli,Serrara Fontana
Campania,Napoli,Somma Vesuviana
Campania,Napoli,Sorrento
Campania,Napoli,Striano
Campania,Napoli,Terzigno
Campania,Napoli,Torre Annunziata
Campania,Napoli,Torre del Greco
Campania,Napoli,Vico Equense
Campania,Napoli,Villaricca
Campania,Napoli,Volla
Campania,Salerno,Acerno
Campania,Salerno,Agropoli
Campania,Salerno,Amalfi
Campania,Salerno,Angri
Campania,Salerno,Ascea
Campania,Salerno,Atena Lucana
Campania,Salerno,Baronissi
Campania,Salerno,Battipaglia
Campania,Salerno,Bellizzi
Campania,Salerno,Bellosguardo
Campania,Salerno,Bracigliano
Campania,Salerno,Buccino
Campania,Salerno,Campagna
Campania,Salerno,Cannalonga
Campania,Salerno,Capaccio Paestum
Campania,Salerno,Casalbuono
Campania,Salerno,Castel San Lorenzo
Campania,Salerno,Castelcivita
Campania,Salerno,Castiglione del Genovesi
Campania,Salerno,Cava de' Tirreni
Campania,Salerno,Celle di Bulgheria
Campania,Salerno,Controne
Campania,Salerno,Contursi Terme
Campania,Salerno,Eboli
Campania,Salerno,Felitto
Campania,Salerno,Mercato San Severino
Campania,Salerno,Montecorvino Rovella
Campania,Salerno,Nocera Inferiore
Campania,Salerno,Nocera Superiore
Campania,Salerno,Ogliastro Cilento
Campania,Salerno,Omignano
Campania,Salerno,Ottati
Campania,Salerno,Padula
Campania,Salerno,Pagani
Campania,Salerno,Pellezzano
Campania,Salerno,Pontecagnano Faiano
Campania,Salerno,Positano
Campania,Salerno,Salerno
Campania,Salerno,San Mauro la Bruca
Campania,Salerno,San Valentino Torio
Campania,Salerno,Santa Marina
Campania,Salerno,Sant'Egidio del Monte Albino
Campania,Salerno,Santomenna
Campania,Salerno,Sapri
Campania,Salerno,Sarno
Campania,Salerno,Scafati
Campania,Salerno,Scala
Campania,Salerno,Teggiano
Campania,Salerno,Torre Orsaia
Campania,Salerno,Valle dell'Angelo
Emilia-Romagna,Bologna,Bentivoglio
Emilia-Romagna,Bologna,Bologna
Emilia-Romagna,Bologna,Borgo Tossignano
Emilia-Romagna,Bologna,Budrio
Emilia-Romagna,Bologna,Casalecchio di Reno
Emilia-Romagna,Bologna,Castel d'Aiano
Emilia-Romagna,Bologna,Castel Maggiore
Emilia-Romagna,Bologna,Castel San Pietro Terme
Emilia-Romagna,Bologna,Castiglione dei Pepoli
Emilia-Romagna,Bologna,Granarolo dell'Emilia
Emilia-Romagna,Bologna,Imola
Emilia-Romagna,Bologna,Loiano
Emilia-Romagna,Bologna,Malalbergo
Emilia-Romagna,Bologna,Medicina
Emilia-Romagna,Bologna,Molinella
Emilia-Romagna,Bologna,Ozzano dell'Emilia
Emilia-Romagna,Bologna,Pieve di Cento
Emilia-Romagna,Bologna,San Benedetto Val di Sambro
Emilia-Romagna,Bologna,San Giorgio di Piano
Emilia-Romagna,Bologna,San Giovanni in Persiceto
Emilia-Romagna,Bologna,San Lazzaro di Savena
Emilia-Romagna,Bologna,San Pietro in Casale
Emilia-Romagna,Bologna,Sant'Agata Bolognese
Emilia-Romagna,Bologna,Valsamoggia
Emilia-Romagna,Bologna,Zola Predosa
Emilia-Romagna,Ferrara,Argenta
Emilia-Romagna,Ferrara,Cento
Emilia-Romagna,Ferrara,Comacchio
Emilia-Romagna,Ferrara,Copparo
Emilia-Romagna,Ferrara,Ferrara
Emilia-Romagna,Ferrara,Jolanda di Savoia
Emilia-Romagna,Ferrara,Ostellato
Emilia-Romagna,Ferrara,Poggio Renatico
Emilia-Romagna,Ferrara,Portomaggiore
Emilia-Romagna,Ferrara,Terre del Reno
Emilia-Romagna,Forlì-Cesena,Bertinoro
Emilia-Romagna,Forlì-Cesena,Cesena
Emilia-Romagna,Forlì-Cesena,Cesenatico
Emilia-Romagna,Forlì-Cesena,Civitella di Romagna
Emilia-Romagna,Forlì-Cesena,Forlì
Emilia-Romagna,Forlì-Cesena,Meldola
Emilia-Romagna,Forlì-Cesena,Mercato Saraceno
Emilia-Romagna,Forlì-Cesena,Portico e San Benedetto
Emilia-Romagna,Forlì-Cesena,Predappio
Emilia-Romagna,Forlì-Cesena,Rocca San Casciano
Emilia-Romagna,Forlì-Cesena,Savignano sul Rubicone
Emilia-Romagna,Modena,Bomporto
Emilia-Romagna,Modena,Carpi
Emilia-Romagna,Modena,Castelfranco Emilia
Emilia-Romagna,Modena,Fanano
Emilia-Romagna,Modena,Fiorano Modenese
Emilia-Romagna,Modena,Formigine
Emilia-Romagna,Modena,Frassinoro
Emilia-Romagna,Modena,Mirandola
Emilia-Romagna,Modena,Modena
Emilia-Romagna,Modena,Pavullo nel Frignano
Emilia-Romagna,Modena,Riolunato
Emilia-Romagna,Modena,San Prospero
Emilia-Romagna,Modena,Sassuolo
Emilia-Romagna,Modena,Savignano sul Panaro
Emilia-Romagna,Modena,Serramazzoni
Emilia-Romagna,Modena,Sestola
Emilia-Romagna,Modena,Soliera
Emilia-Romagna,Modena,Spilamberto
Emilia-Romagna,Modena,Vignola
Emilia-Romagna,Parma,Calestano
Emilia-Romagna,Parma,Colorno
Emilia-Romagna,Parma,Felino
Emilia-Romagna,Parma,Fidenza
Emilia-Romagna,Parma,Fornovo di Taro
Emilia-Romagna,Parma,Langhirano
Emilia-Romagna,Parma,Noceto
Emilia-Romagna,Parma,Parma
Emilia-Romagna,Parma,Sala Baganza
Emilia-Romagna,Parma,Salsomaggiore Terme
Emilia-Romagna,Parma,Sissa Trecasali
Emilia-Romagna,Parma,Soragna
Emilia-Romagna,Parma,Terenzo
Emilia-Romagna,Parma,Varsi
Emilia-Romagna,Piacenza,Alseno
Emilia-Romagna,Piacenza,Bettola
Emilia-Romagna,Piacenza,Caorso
Emilia-Romagna,Piacenza,Corte Brugnatella
Emilia-Romagna,Piacenza,Farini
Emilia-Romagna,Piacenza,Fiorenzuola d'Arda
Emilia-Romagna,Piacenza,Gazzola
Emilia-Romagna,Piacenza,Lugagnano Val d'Arda
Emilia-Romagna,Piacenza,Monticelli d'Ongina
Emilia-Romagna,Piacenza,Piacenza
Emilia-Romagna,Piacenza,Pianello Val Tidone
Emilia-Romagna,Piacenza,Podenzano
Emilia-Romagna,Piacenza,Pontenure
Emilia-Romagna,Piacenza,Rivergaro
Emilia-Romagna,Piacenza,Rottofreno
Emilia-Romagna,Piacenza,Vigolzone
Emilia-Romagna,Ravenna,Bagnara di Romagna
Emilia-Romagna,Ravenna,Brisighella
Emilia-Romagna,Ravenna,Castel Bolognese
Emilia-Romagna,Ravenna,Cervia
Emilia-Romagna,Ravenna,Cotignola
Emilia-Romagna,Ravenna,Faenza
Emilia-Romagna,Ravenna,Lugo
Emilia-Romagna,Ravenna,Massa Lombarda
Emilia-Romagna,Ravenna,Ravenna
Emilia-Romagna,Ravenna,Russi
Emilia-Romagna,Reggio nell'Emilia,Albinea
Emilia-Romagna,Reggio nell'Emilia,Cadelbosco di Sopra
Emilia-Romagna,Reggio nell'Emilia,Campagnola Emilia
Emilia-Romagna,Reggio nell'Emilia,Campegine
Emilia-Romagna,Reggio nell'Emilia,Casalgrande
Emilia-Romagna,Reggio nell'Emilia,Casina
Emilia-Romagna,Reggio nell'Emilia,Castellarano
Emilia-Romagna,Reggio nell'Emilia,Castelnovo ne' Monti
Emilia-Romagna,Reggio nell'Emilia,Correggio
Emilia-Romagna,Reggio nell'Emilia,Gualtieri
Emilia-Romagna,Reggio nell'Emilia,Luzzara
Emilia-Romagna,Reggio nell'Emilia,Poviglio
Emilia-Romagna,Reggio nell'Emilia,Quattro Castella
Emilia-Romagna,Reggio nell'Emilia,Reggio nell'Emilia
Emilia-Romagna,Reggio nell'Emilia,Rubiera
Emilia-Romagna,Reggio nell'Emilia,Scandiano
Emilia-Romagna,Reggio nell'Emilia,Ventasso
Emilia-Romagna,Reggio nell'Emilia,Viano
Emilia-Romagna,Rimini,Bellaria-Igea Marina
Emilia-Romagna,Rimini,Casteldelci
Emilia-Romagna,Rimini,Mondaino
Emilia-Romagna,Rimini,Morciano di Romagna
Emilia-Romagna,Rimini,Novafeltria
Emilia-Romagna,Rimini,Riccione
Emilia-Romagna,Rimini,Rimini
Emilia-Romagna,Rimini,San Leo
Emilia-Romagna,Rimini,Santarcangelo di Romagna
Emilia-Romagna,Rimini,Verucchio
Friuli-Venezia Giulia,Gorizia,Cormons
Friuli-Venezia Giulia,Gorizia,Farra d'Isonzo
Friuli-Venezia Giulia,Gorizia,Fogliano Redipuglia
Friuli-Venezia Giulia,Gorizia,Gorizia
Friuli-Venezia Giulia,Gorizia,Grado
Friuli-Venezia Giulia,Gorizia,Medea
Friuli-Venezia Giulia,Gorizia,Monfalcone
Friuli-Venezia Giulia,Gorizia,Ronchi dei Legionari
Friuli-Venezia Giulia,Gorizia,San Canzian d'Isonzo
Friuli-Venezia Giulia,Gorizia,Turriaco
Friuli-Venezia Giulia,Pordenone,Arba
Friuli-Venezia Giulia,Pordenone,Aviano
Friuli-Venezia Giulia,Pordenone,Azzano Decimo
Friuli-Venezia Giulia,Pordenone,Chions
Friuli-Venezia Giulia,Pordenone,Clauzetto
Friuli-Venezia Giulia,Pordenone,Cordenons
Friuli-Venezia Giulia,Pordenone,Fiume Veneto
Friuli-Venezia Giulia,Pordenone,Fontanafredda
Friuli-Venezia Giulia,Pordenone,Maniago
Friuli-Venezia Giulia,Pordenone,Meduno
Friuli-Venezia Giulia,Pordenone,Pasiano di Pordenone
Friuli-Venezia Giulia,Pordenone,Polcenigo
Friuli-Venezia Giulia,Pordenone,Porcia
Friuli-Venezia Giulia,Pordenone,Pordenone
Friuli-Venezia Giulia,Pordenone,Prata di Pordenone
Friuli-Venezia Giulia,Pordenone,Sacile
Friuli-Venezia Giulia,Pordenone,San Giorgio della Richinvelda
Friuli-Venezia Giulia,Pordenone,San Quirino
Friuli-Venezia Giulia,Trieste,Duino Aurisina-Devin Nabrežina
Friuli-Venezia Giulia,Trieste,Muggia
Friuli-Venezia Giulia,Trieste,Sgonico-Zgonik
Friuli-Venezia Giulia,Trieste,Trieste
Friuli-Venezia Giulia,Udine,Amaro
Friuli-Venezia Giulia,Udine,Bicinicco
Friuli-Venezia Giulia,Udine,Buttrio
Friuli-Venezia Giulia,Udine,Campoformido
Friuli-Venezia Giulia,Udine,Carlino
Friuli-Venezia Giulia,Udine,Cassacco
Friuli-Venezia Giulia,Udine,Cavazzo Carnico
Friuli-Venezia Giulia,Udine,Cervignano del Friuli
Friuli-Venezia Giulia,Udine,Chiusaforte
Friuli-Venezia Giulia,Udine,Codroipo
Friuli-Venezia Giulia,Udine,Faedis
Friuli-Venezia Giulia,Udine,Flaibano
Friuli-Venezia Giulia,Udine,Forni Avoltri
Friuli-Venezia Giulia,Udine,Grimacco
Friuli-Venezia Giulia,Udine,Latisana
Friuli-Venezia Giulia,Udine,Manzano
Friuli-Venezia Giulia,Udine,Martignacco
Friuli-Venezia Giulia,Udine,Mereto di Tomba
Friuli-Venezia Giulia,Udine,Moimacco
Friuli-Venezia Giulia,Udine,Montenars
Friuli-Venezia Giulia,Udine,Mortegliano
Friuli-Venezia Giulia,Udine,Pagnacco
Friuli-Venezia Giulia,Udine,Palazzolo dello Stella
Friuli-Venezia Giulia,Udine,Palmanova
Friuli-Venezia Giulia,Udine,Pasian di Prato
Friuli-Venezia Giulia,Udine,Pontebba
Friuli-Venezia Giulia,Udine,Premariacco
Friuli-Venezia Giulia,Udine,Remanzacco
Friuli-Venezia Giulia,Udine,San Pietro al Natisone
Friuli-Venezia Giulia,Udine,Santa Maria la Longa
Friuli-Venezia Giulia,Udine,Socchieve
Friuli-Venezia Giulia,Udine,Tolmezzo
Friuli-Venezia Giulia,Udine,Torreano
Friuli-Venezia Giulia,Udine,Torviscosa
Friuli-Venezia Giulia,Udine,Tricesimo
Friuli-Venezia Giulia,Udine,Udine
Lazio,Frosinone,Alatri
Lazio,Frosinone,Anagni
Lazio,Frosinone,Aquino
Lazio,Frosinone,Arpino
Lazio,Frosinone,Campoli Appennino
Lazio,Frosinone,Cassino
Lazio,Frosinone,Castrocielo
Lazio,Frosinone,Ceccano
Lazio,Frosinone,Cervaro
Lazio,Frosinone,Esperia
Lazio,Frosinone,Ferentino
Lazio,Frosinone,Filettino
Lazio,Frosinone,Fiuggi
Lazio,Frosinone,Fontana Liri
Lazio,Frosinone,Frosinone
Lazio,Frosinone,Fumone
Lazio,Frosinone,Isola del Liri
Lazio,Frosinone,Monte San Giovanni Campano
Lazio,Frosinone,Patrica
Lazio,Frosinone,Posta Fibreno
Lazio,Frosinone,Ripi
Lazio,Frosinone,San Vittore del Lazio
Lazio,Frosinone,Santopadre
Lazio,Frosinone,Sora
Lazio,Frosinone,Torre Cajetani
Lazio,Frosinone,Vallemaio
Lazio,Frosinone,Veroli
Lazio,Frosinone,Vico nel Lazio
Lazio,Frosinone,Viticuso
Lazio,Latina,Aprilia
Lazio,Latina,Cisterna di Latina
Lazio,Latina,Fondi
Lazio,Latina,Formia
Lazio,Latina,Gaeta
Lazio,Latina,Itri
Lazio,Latina,Latina
Lazio,Latina,Lenola
Lazio,Latina,Minturno
Lazio,Latina,Pontinia
Lazio,Latina,Ponza
Lazio,Latina,Rocca Massima
Lazio,Latina,Sabaudia
Lazio,Latina,San Felice Circeo
Lazio,Latina,Sermoneta
Lazio,Latina,Sezze
Lazio,Latina,Terracina
Lazio,Rieti,Accumoli
Lazio,Rieti,Borbona
Lazio,Rieti,Fara in Sabina
Lazio,Rieti,Greccio
Lazio,Rieti,Magliano Sabina
Lazio,Rieti,Monte San Giovanni in Sabina
Lazio,Rieti,Morro Reatino
Lazio,Rieti,Orvinio
Lazio,Rieti,Paganico Sabino
Lazio,Rieti,Poggio Bustone
Lazio,Rieti,Poggio Catino
Lazio,Rieti,Poggio Mirteto
Lazio,Rieti,Poggio Nativo
Lazio,Rieti,Poggio San Lorenzo
Lazio,Rieti,Rieti
Lazio,Rieti,Rivodutri
Lazio,Rieti,Scandriglia
Lazio,Rieti,Toffia
Lazio,Roma,Affile
Lazio,Roma,Albano Laziale
Lazio,Roma,Anguillara Sabazia
Lazio,Roma,Anzio
Lazio,Roma,Ardea
Lazio,Roma,Ariccia
Lazio,Roma,Bracciano
Lazio,Roma,Campagnano di Roma
Lazio,Roma,Canale Monterano
Lazio,Roma,Capena
Lazio,Roma,Capranica Prenestina
Lazio,Roma,Castel Madama
Lazio,Roma,Castelnuovo di Porto
Lazio,Roma,Cerveteri
Lazio,Roma,Ciampino
Lazio,Roma,Civitavecchia
Lazio,Roma,Civitella San Paolo
Lazio,Roma,Colleferro
Lazio,Roma,Fiumicino
Lazio,Roma,Fonte Nuova
Lazio,Roma,Formello
Lazio,Roma,Frascati
Lazio,Roma,Genzano di Roma
Lazio,Roma,Gerano
Lazio,Roma,Grottaferrata
Lazio,Roma,Guidonia Montecelio
Lazio,Roma,Ladispoli
Lazio,Roma,Lanuvio
Lazio,Roma,Mandela
Lazio,Roma,Marano Equo
Lazio,Roma,Marino
Lazio,Roma,Mentana
Lazio,Roma,Montelibretti
Lazio,Roma,Monterotondo
Lazio,Roma,Nemi
Lazio,Roma,Nettuno
Lazio,Roma,Olevano Romano
Lazio,Roma,Palestrina
Lazio,Roma,Palombara Sabina
Lazio,Roma,Pomezia
Lazio,Roma,Riano
Lazio,Roma,Rocca di Cave
Lazio,Roma,Rocca di Papa
Lazio,Roma,Roiate
Lazio,Roma,Roma
Lazio,Roma,San Cesareo
Lazio,Roma,San Vito Romano
Lazio,Roma,Santa Marinella
Lazio,Roma,Saracinesco
Lazio,Roma,Segni
Lazio,Roma,Tivoli
Lazio,Roma,Tolfa
Lazio,Roma,Velletri
Lazio,Roma,Zagarolo
Lazio,Viterbo,Acquapendente
Lazio,Viterbo,Bagnoregio
Lazio,Viterbo,Bassano Romano
Lazio,Viterbo,Canepina
Lazio,Viterbo,Canino
Lazio,Viterbo,Capodimonte
Lazio,Viterbo,Cellere
Lazio,Viterbo,Civita Castellana
Lazio,Viterbo,Fabrica di Roma
Lazio,Viterbo,Latera
Lazio,Viterbo,Nepi
Lazio,Viterbo,Oriolo Romano
Lazio,Viterbo,Piansano
Lazio,Viterbo,Tarquinia
Lazio,Viterbo,Vallerano
Lazio,Viterbo,Vetralla
Lazio,Viterbo,Villa San Giovanni in Tuscia
Lazio,Viterbo,Viterbo
Liguria,Genova,Arenzano
Liguria,Genova,Bargagli
Liguria,Genova,Bogliasco
Liguria,Genova,Campomorone
Liguria,Genova,Casella
Liguria,Genova,Chiavari
Liguria,Genova,Genova
Liguria,Genova,Isola del Cantone
Liguria,Genova,Masone
Liguria,Genova,Ne
Liguria,Genova,Neirone
Liguria,Genova,Orero
Liguria,Genova,Rapallo
Liguria,Genova,Recco
Liguria,Genova,Rondanina
Liguria,Genova,Sestri Levante
Liguria,Genova,Sori
Liguria,Genova,Vobbia
Liguria,Genova,Zoagli
Liguria,Imperia,Bordighera
Liguria,Imperia,Camporosso
Liguria,Imperia,Cervo
Liguria,Imperia,Diano Arentino
Liguria,Imperia,Imperia
Liguria,Imperia,Mendatica
Liguria,Imperia,Molini di Triora
Liguria,Imperia,Pietrabruna
Liguria,Imperia,Riva Ligure
Liguria,Imperia,Sanremo
Liguria,Imperia,Santo Stefano al Mare
Liguria,Imperia,Seborga
Liguria,Imperia,Soldano
Liguria,Imperia,Triora
Liguria,Imperia,Vallecrosia
Liguria,Imperia,Ventimiglia
Liguria,Imperia,Vessalico
Liguria,La Spezia,Bolano
Liguria,La Spezia,Carro
Liguria,La Spezia,La Spezia
Liguria,La Spezia,Lerici
Liguria,La Spezia,Maissana
Liguria,La Spezia,Portovenere
Liguria,La Spezia,Santo Stefano di Magra
Liguria,La Spezia,Sarzana
Liguria,La Spezia,Sesta Godano
Liguria,La Spezia,Varese Ligure
Liguria,La Spezia,Vezzano Ligure
Liguria,Savona,Alassio
Liguria,Savona,Albenga
Liguria,Savona,Albissola Marina
Liguria,Savona,Andora
Liguria,Savona,Borgio Verezzi
Liguria,Savona,Bormida
Liguria,Savona,Cairo Montenotte
Liguria,Savona,Calizzano
Liguria,Savona,Casanova Lerrone
Liguria,Savona,Cengio
Liguria,Savona,Cosseria
Liguria,Savona,Finale Ligure
Liguria,Savona,Loano
Liguria,Savona,Mioglia
Liguria,Savona,Noli
Liguria,Savona,Onzo
Liguria,Savona,Pietra Ligure
Liguria,Savona,Sassello
Liguria,Savona,Savona
Liguria,Savona,Toirano
Liguria,Savona,Vezzi Portio
Lombardia,Bergamo,Almè
Lombardia,Bergamo,Antegnate
Lombardia,Bergamo,Aviatico
Lombardia,Bergamo,Azzone
Lombardia,Bergamo,Berbenno
Lombardia,Bergamo,Bergamo
Lombardia,Bergamo,Bianzano
Lombardia,Bergamo,Bossico
Lombardia,Bergamo,Bottanuco
Lombardia,Bergamo,Branzi
Lombardia,Bergamo,Brignano Gera d'Adda
Lombardia,Bergamo,Calcinate
Lombardia,Bergamo,Calvenzano
Lombardia,Bergamo,Capizzone
Lombardia,Bergamo,Capriate San Gervasio
Lombardia,Bergamo,Caravaggio
Lombardia,Bergamo,Casirate d'Adda
Lombardia,Bergamo,Cene
Lombardia,Bergamo,Cividate al Piano
Lombardia,Bergamo,Colere
Lombardia,Bergamo,Costa Volpino
Lombardia,Bergamo,Covo
Lombardia,Bergamo,Dalmine
Lombardia,Bergamo,Endine Gaiano
Lombardia,Bergamo,Fara Gera d'Adda
Lombardia,Bergamo,Gandosso
Lombardia,Bergamo,Gaverina Terme
Lombardia,Bergamo,Grassobbio
Lombardia,Bergamo,Grumello del Monte
Lombardia,Bergamo,Isola di Fondra
Lombardia,Bergamo,Locatello
Lombardia,Bergamo,Mornico al Serio
Lombardia,Bergamo,Oltre il Colle
Lombardia,Bergamo,Oltressenda Alta
Lombardia,Bergamo,Oneta
Lombardia,Bergamo,Parre
Lombardia,Bergamo,Piazzolo
Lombardia,Bergamo,Ponte San Pietro
Lombardia,Bergamo,Ponteranica
Lombardia,Bergamo,Pontida
Lombardia,Bergamo,Predore
Lombardia,Bergamo,Pumenengo
Lombardia,Bergamo,Ranzanico
Lombardia,Bergamo,Romano di Lombardia
Lombardia,Bergamo,San Pellegrino Terme
Lombardia,Bergamo,Sarnico
Lombardia,Bergamo,Selvino
Lombardia,Bergamo,Seriate
Lombardia,Bergamo,Solza
Lombardia,Bergamo,Sorisole
Lombardia,Bergamo,Sotto il Monte Giovanni XXIII
Lombardia,Bergamo,Spirano
Lombardia,Bergamo,Stezzano
Lombardia,Bergamo,Suisio
Lombardia,Bergamo,Telgate
Lombardia,Bergamo,Terno d'Isola
Lombardia,Bergamo,Treviglio
Lombardia,Bergamo,Treviolo
Lombardia,Bergamo,Valtorta
Lombardia,Bergamo,Villa d'Adda
Lombardia,Bergamo,Villa d'Ogna
Lombardia,Bergamo,Zogno
Lombardia,Brescia,Bedizzole
Lombardia,Brescia,Borno
Lombardia,Brescia,Brescia
Lombardia,Brescia,Caino
Lombardia,Brescia,Calcinato
Lombardia,Brescia,Calvagese della Riviera
Lombardia,Brescia,Capo di Ponte
Lombardia,Brescia,Capriolo
Lombardia,Brescia,Castel Mella
Lombardia,Brescia,Casto
Lombardia,Brescia,Cazzago San Martino
Lombardia,Brescia,Cedegolo
Lombardia,Brescia,Ceto
Lombardia,Brescia,Cevo
Lombardia,Brescia,Chiari
Lombardia,Brescia,Cigole
Lombardia,Brescia,Cimbergo
Lombardia,Brescia,Darfo Boario Terme
Lombardia,Brescia,Desenzano del Garda
Lombardia,Brescia,Edolo
Lombardia,Brescia,Erbusco
Lombardia,Brescia,Gambara
Lombardia,Brescia,Gargnano
Lombardia,Brescia,Ghedi
Lombardia,Brescia,Gianico
Lombardia,Brescia,Incudine
Lombardia,Brescia,Irma
Lombardia,Brescia,Lavenone
Lombardia,Brescia,Leno
Lombardia,Brescia,Lograto
Lombardia,Brescia,Lumezzane
Lombardia,Brescia,Malegno
Lombardia,Brescia,Manerba del Garda
Lombardia,Brescia,Manerbio
Lombardia,Brescia,Marmentino
Lombardia,Brescia,Mazzano
Lombardia,Brescia,Montichiari
Lombardia,Brescia,Padenghe sul Garda
Lombardia,Brescia,Palazzolo sull'Oglio
Lombardia,Brescia,Pavone del Mella
Lombardia,Brescia,Pezzaze
Lombardia,Brescia,Pisogne
Lombardia,Brescia,Poncarale
Lombardia,Brescia,Pontoglio
Lombardia,Brescia,Rovato
Lombardia,Brescia,Rudiano
Lombardia,Brescia,San Felice del Benaco
Lombardia,Brescia,Soiano del Lago
Lombardia,Brescia,Torbole Casaglia
Lombardia,Brescia,Travagliato
Lombardia,Brescia,Verolanuova
Lombardia,Brescia,Verolavecchia
Lombardia,Brescia,Vestone
Lombardia,Brescia,Villa Carcina
Lombardia,Brescia,Villachiara
Lombardia,Brescia,Vobarno
Lombardia,Como,Anzano del Parco
Lombardia,Como,Asso
Lombardia,Como,Blessagno
Lombardia,Como,Brunate
Lombardia,Como,Cadorago
Lombardia,Como,Caglio
Lombardia,Como,Cantù
Lombardia,Como,Canzo
Lombardia,Como,Carugo
Lombardia,Como,Como
Lombardia,Como,Cusino
Lombardia,Como,Dongo
Lombardia,Como,Erba
Lombardia,Como,Eupilio
Lombardia,Como,Fino Mornasco
Lombardia,Como,Garzeno
Lombardia,Como,Grandate
Lombardia,Como,Guanzate
Lombardia,Como,Lasnigo
Lombardia,Como,Locate Varesino
Lombardia,Como,Lurago d'Erba
Lombardia,Como,Mariano Comense
Lombardia,Como,Merone
Lombardia,Como,Moltrasio
Lombardia,Como,Montorfano
Lombardia,Como,Musso
Lombardia,Como,Porlezza
Lombardia,Como,Rodero
Lombardia,Como,Rovello Porro
Lombardia,Como,San Fermo della Battaglia
Lombardia,Como,Senna Comasco
Lombardia,Como,Stazzona
Lombardia,Como,Torno
Lombardia,Como,Turate
Lombardia,Como,Val Rezzo
Lombardia,Como,Valbrona
Lombardia,Como,Vercana
Lombardia,Cremona,Acquanegra Cremonese
Lombardia,Cremona,Capralba
Lombardia,Cremona,Crema
Lombardia,Cremona,Cremona
Lombardia,Cremona,Dovera
Lombardia,Cremona,Izano
Lombardia,Cremona,Malagnino
Lombardia,Cremona,Monte Cremasco
Lombardia,Cremona,Montodine
Lombardia,Cremona,Olmeneta
Lombardia,Cremona,Pescarolo ed Uniti
Lombardia,Cremona,Quintano
Lombardia,Cremona,Ripalta Cremasca
Lombardia,Cremona,Ripalta Guerina
Lombardia,Cremona,Rivarolo del Re ed Uniti
Lombardia,Cremona,Rivolta d'Adda
Lombardia,Cremona,Salvirola
Lombardia,Cremona,San Daniele Po
Lombardia,Cremona,Scandolara Ravara
Lombardia,Cremona,Soncino
Lombardia,Cremona,Spineda
Lombardia,Cremona,Spino d'Adda
Lombardia,Cremona,Tornata
Lombardia,Cremona,Torricella del Pizzo
Lombardia,Cremona,Trescore Cremasco
Lombardia,Cremona,Voltido
Lombardia,Lecco,Annone di Brianza
Lombardia,Lecco,Barzio
Lombardia,Lecco,Bulciago
Lombardia,Lecco,Calco
Lombardia,Lecco,Casatenovo
Lombardia,Lecco,Cassina Valsassina
Lombardia,Lecco,Castello di Brianza
Lombardia,Lecco,Civate
Lombardia,Lecco,Costa Masnaga
Lombardia,Lecco,Dorio
Lombardia,Lecco,Imbersago
Lombardia,Lecco,La Valletta Brianza
Lombardia,Lecco,Lecco
Lombardia,Lecco,Merate
Lombardia,Lecco,Monte Marenzo
Lombardia,Lecco,Monticello Brianza
Lombardia,Lecco,Nibionno
Lombardia,Lecco,Oggiono
Lombardia,Lecco,Olginate
Lombardia,Lecco,Parlasco
Lombardia,Lecco,Rogeno
Lombardia,Lecco,Sirone
Lombardia,Lecco,Suello
Lombardia,Lecco,Verderio
Lombardia,Lodi,Borghetto Lodigiano
Lombardia,Lodi,Codogno
Lombardia,Lodi,Cornovecchio
Lombardia,Lodi,Guardamiglio
Lombardia,Lodi,Livraga
Lombardia,Lodi,Lodi
Lombardia,Lodi,Lodi Vecchio
Lombardia,Lodi,Massalengo
Lombardia,Lodi,Ospedaletto Lodigiano
Lombardia,Lodi,Ossago Lodigiano
Lombardia,Lodi,San Fiorano
Lombardia,Lodi,Sant'Angelo Lodigiano
Lombardia,Lodi,Secugnago
Lombardia,Lodi,Somaglia
Lombardia,Lodi,Sordio
Lombardia,Lodi,Turano Lodigiano
Lombardia,Mantova,Acquanegra sul Chiese
Lombardia,Mantova,Asola
Lombardia,Mantova,Bagnolo San Vito
Lombardia,Mantova,Canneto sull'Oglio
Lombardia,Mantova,Castel Goffredo
Lombardia,Mantova,Castellucchio
Lombardia,Mantova,Castiglione delle Stiviere
Lombardia,Mantova,Gazoldo degli Ippoliti
Lombardia,Mantova,Gonzaga
Lombardia,Mantova,Mantova
Lombardia,Mantova,Marcaria
Lombardia,Mantova,Mariana Mantovana
Lombardia,Mantova,Pomponesco
Lombardia,Mantova,Porto Mantovano
Lombardia,Mantova,Redondesco
Lombardia,Mantova,Roverbella
Lombardia,Mantova,San Benedetto Po
Lombardia,Mantova,Suzzara
Lombardia,Mantova,Viadana
Lombardia,Mantova,Villimpenta
Lombardia,Mantova,Volta Mantovana
Lombardia,Milano,Abbiategrasso
Lombardia,Milano,Albairate
Lombardia,Milano,Arese
Lombardia,Milano,Assago
Lombardia,Milano,Baranzate
Lombardia,Milano,Basiano
Lombardia,Milano,Bernate Ticino
Lombardia,Milano,Boffalora sopra Ticino
Lombardia,Milano,Bollate
Lombardia,Milano,Bresso
Lombardia,Milano,Buccinasco
Lombardia,Milano,Busto Garolfo
Lombardia,Milano,Calvignasco
Lombardia,Milano,Cambiago
Lombardia,Milano,Carugate
Lombardia,Milano,Casorezzo
Lombardia,Milano,Cassano d'Adda
Lombardia,Milano,Cassinetta di Lugagnano
Lombardia,Milano,Cernusco sul Naviglio
Lombardia,Milano,Cesano Boscone
Lombardia,Milano,Cesate
Lombardia,Milano,Cinisello Balsamo
Lombardia,Milano,Cologno Monzese
Lombardia,Milano,Corbetta
Lombardia,Milano,Cormano
Lombardia,Milano,Cornaredo
Lombardia,Milano,Corsico
Lombardia,Milano,Cusano Milanino
Lombardia,Milano,Garbagnate Milanese
Lombardia,Milano,Gorgonzola
Lombardia,Milano,Lainate
Lombardia,Milano,Legnano
Lombardia,Milano,Magenta
Lombardia,Milano,Mediglia
Lombardia,Milano,Melegnano
Lombardia,Milano,Melzo
Lombardia,Milano,Milano
Lombardia,Milano,Novate Milanese
Lombardia,Milano,Noviglio
Lombardia,Milano,Paderno Dugnano
Lombardia,Milano,Pantigliate
Lombardia,Milano,Parabiago
Lombardia,Milano,Peschiera Borromeo
Lombardia,Milano,Pessano con Bornago
Lombardia,Milano,Pioltello
Lombardia,Milano,Pogliano Milanese
Lombardia,Milano,Pozzo d'Adda
Lombardia,Milano,Rescaldina
Lombardia,Milano,Rho
Lombardia,Milano,Rozzano
Lombardia,Milano,San Donato Milanese
Lombardia,Milano,San Giorgio su Legnano
Lombardia,Milano,San Giuliano Milanese
Lombardia,Milano,Segrate
Lombardia,Milano,Senago
Lombardia,Milano,Sesto San Giovanni
Lombardia,Milano,Settala
Lombardia,Milano,Settimo Milanese
Lombardia,Milano,Trezzano sul Naviglio
Lombardia,Milano,Trezzo sull'Adda
Lombardia,Milano,Vaprio d'Adda
Lombardia,Milano,Vignate
Lombardia,Milano,Vimodrone
Lombardia,Monza e della Brianza,Aicurzio
Lombardia,Monza e della Brianza,Albiate
Lombardia,Monza e della Brianza,Arcore
Lombardia,Monza e della Brianza,Bernareggio
Lombardia,Monza e della Brianza,Biassono
Lombardia,Monza e della Brianza,Bovisio-Masciago
Lombardia,Monza e della Brianza,Briosco
Lombardia,Monza e della Brianza,Brugherio
Lombardia,Monza e della Brianza,Carate Brianza
Lombardia,Monza e della Brianza,Cavenago di Brianza
Lombardia,Monza e della Brianza,Cesano Maderno
Lombardia,Monza e della Brianza,Desio
Lombardia,Monza e della Brianza,Giussano
Lombardia,Monza e della Brianza,Limbiate
Lombardia,Monza e della Brianza,Lissone
Lombardia,Monza e della Brianza,Meda
Lombardia,Monza e della Brianza,Monza
Lombardia,Monza e della Brianza,Muggiò
Lombardia,Monza e della Brianza,Nova Milanese
Lombardia,Monza e della Brianza,Roncello
Lombardia,Monza e della Brianza,Seregno
Lombardia,Monza e della Brianza,Seveso
Lombardia,Monza e della Brianza,Sovico
Lombardia,Monza e della Brianza,Veduggio con Colzano
Lombardia,Monza e della Brianza,Villasanta
Lombardia,Monza e della Brianza,Vimercate
Lombardia,Pavia,Alagna
Lombardia,Pavia,Albaredo Arnaboldi
Lombardia,Pavia,Badia Pavese
Lombardia,Pavia,Borgo Priolo
Lombardia,Pavia,Casanova Lonati
Lombardia,Pavia,Casorate Primo
Lombardia,Pavia,Ceretto Lomellina
Lombardia,Pavia,Cervesina
Lombardia,Pavia,Copiano
Lombardia,Pavia,Cornale e Bastida
Lombardia,Pavia,Corteolona e Genzone
Lombardia,Pavia,Fortunago
Lombardia,Pavia,Gambarana
Lombardia,Pavia,Gravellona Lomellina
Lombardia,Pavia,Lungavilla
Lombardia,Pavia,Mede
Lombardia,Pavia,Miradolo Terme
Lombardia,Pavia,Monticelli Pavese
Lombardia,Pavia,Mortara
Lombardia,Pavia,Ottobiano
Lombardia,Pavia,Palestro
Lombardia,Pavia,Pavia
Lombardia,Pavia,Ponte Nizza
Lombardia,Pavia,Robecco Pavese
Lombardia,Pavia,Romagnese
Lombardia,Pavia,Roncaro
Lombardia,Pavia,San Martino Siccomario
Lombardia,Pavia,Sannazzaro de' Burgondi
Lombardia,Pavia,Santa Giuletta
Lombardia,Pavia,Sant'Alessio con Vialone
Lombardia,Pavia,Stradella
Lombardia,Pavia,Torre d'Arese
Lombardia,Pavia,Torrevecchia Pia
Lombardia,Pavia,Val di Nizza
Lombardia,Pavia,Valle Lomellina
Lombardia,Pavia,Valle Salimbene
Lombardia,Pavia,Varzi
Lombardia,Pavia,Vidigulfo
Lombardia,Pavia,Vigevano
Lombardia,Pavia,Voghera
Lombardia,Pavia,Zeme
Lombardia,Pavia,Zenevredo
Lombardia,Sondrio,Albosaggia
Lombardia,Sondrio,Ardenno
Lombardia,Sondrio,Caspoggio
Lombardia,Sondrio,Cedrasco
Lombardia,Sondrio,Faedo Valtellino
Lombardia,Sondrio,Fusine
Lombardia,Sondrio,Grosio
Lombardia,Sondrio,Mello
Lombardia,Sondrio,Montagna in Valtellina
Lombardia,Sondrio,Morbegno
Lombardia,Sondrio,Novate Mezzola
Lombardia,Sondrio,Piantedo
Lombardia,Sondrio,Piateda
Lombardia,Sondrio,Samolaco
Lombardia,Sondrio,Sondrio
Lombardia,Sondrio,Talamona
Lombardia,Sondrio,Teglio
Lombardia,Sondrio,Val Masino
Lombardia,Sondrio,Vervio
Lombardia,Varese,Agra
Lombardia,Varese,Angera
Lombardia,Varese,Arcisate
Lombardia,Varese,Besnate
Lombardia,Varese,Bisuschio
Lombardia,Varese,Brezzo di Bedero
Lombardia,Varese,Brusimpiano
Lombardia,Varese,Buguggiate
Lombardia,Varese,Busto Arsizio
Lombardia,Varese,Carnago
Lombardia,Varese,Caronno Pertusella
Lombardia,Varese,Cassano Magnago
Lombardia,Varese,Castellanza
Lombardia,Varese,Castelveccana
Lombardia,Varese,Castiglione Olona
Lombardia,Varese,Cislago
Lombardia,Varese,Comerio
Lombardia,Varese,Cremenaga
Lombardia,Varese,Cuasso al Monte
Lombardia,Varese,Cuveglio
Lombardia,Varese,Cuvio
Lombardia,Varese,Duno
Lombardia,Varese,Gallarate
Lombardia,Varese,Germignaga
Lombardia,Varese,Gorla Maggiore
Lombardia,Varese,Gornate Olona
Lombardia,Varese,Laveno-Mombello
Lombardia,Varese,Lonate Ceppino
Lombardia,Varese,Luino
Lombardia,Varese,Malnate
Lombardia,Varese,Montegrino Valtravaglia
Lombardia,Varese,Orino
Lombardia,Varese,Saronno
Lombardia,Varese,Sesto Calende
Lombardia,Varese,Somma Lombardo
Lombardia,Varese,Sumirago
Lombardia,Varese,Ternate
Lombardia,Varese,Tradate
Lombardia,Varese,Uboldo
Lombardia,Varese,Varese
Lombardia,Varese,Vizzola Ticino
Marche,Ancona,Ancona
Marche,Ancona,Castelbellino
Marche,Ancona,Castelfidardo
Marche,Ancona,Castelplanio
Marche,Ancona,Fabriano
Marche,Ancona,Falconara Marittima
Marche,Ancona,Jesi
Marche,Ancona,Loreto
Marche,Ancona,Monte San Vito
Marche,Ancona,Morro d'Alba
Marche,Ancona,Osimo
Marche,Ancona,Poggio San Marcello
Marche,Ancona,Rosora
Marche,Ancona,Senigallia
Marche,Ancona,Serra San Quirico
Marche,Ancona,Sirolo
Marche,Ancona,Trecastelli
Marche,Ascoli Piceno,Ascoli Piceno
Marche,Ascoli Piceno,Castignano
Marche,Ascoli Piceno,Cupra Marittima
Marche,Ascoli Piceno,Grottammare
Marche,Ascoli Piceno,Montalto delle Marche
Marche,Ascoli Piceno,Offida
Marche,Ascoli Piceno,Palmiano
Marche,Ascoli Piceno,Ripatransone
Marche,Ascoli Piceno,Rotella
Marche,Ascoli Piceno,San Benedetto del Tronto
Marche,Fermo,Altidona
Marche,Fermo,Amandola
Marche,Fermo,Belmonte Piceno
Marche,Fermo,Fermo
Marche,Fermo,Grottazzolina
Marche,Fermo,Monte Giberto
Marche,Fermo,Montefortino
Marche,Fermo,Montegranaro
Marche,Fermo,Monterubbiano
Marche,Fermo,Moresco
Marche,Fermo,Porto Sant'Elpidio
Marche,Fermo,Sant'Elpidio a Mare
Marche,Macerata,Appignano
Marche,Macerata,Caldarola
Marche,Macerata,Civitanova Marche
Marche,Macerata,Macerata
Marche,Macerata,Monte Cavallo
Marche,Macerata,Monte San Giusto
Marche,Macerata,Monte San Martino
Marche,Macerata,Morrovalle
Marche,Macerata,Muccia
Marche,Macerata,Pioraco
Marche,Macerata,Pollenza
Marche,Macerata,Porto Recanati
Marche,Macerata,Potenza Picena
Marche,Macerata,Recanati
Marche,Macerata,Sarnano
Marche,Macerata,Sefro
Marche,Macerata,Tolentino
Marche,Pesaro e Urbino,Belforte all'Isauro
Marche,Pesaro e Urbino,Cagli
Marche,Pesaro e Urbino,Cartoceto
Marche,Pesaro e Urbino,Fano
Marche,Pesaro e Urbino,Fratte Rosa
Marche,Pesaro e Urbino,Isola del Piano
Marche,Pesaro e Urbino,Lunano
Marche,Pesaro e Urbino,Montefelcino
Marche,Pesaro e Urbino,Montelabbate
Marche,Pesaro e Urbino,Pesaro
Marche,Pesaro e Urbino,Piandimeleto
Marche,Pesaro e Urbino,San Costanzo
Marche,Pesaro e Urbino,Sant'Angelo in Vado
Marche,Pesaro e Urbino,Urbino
Marche,Pesaro e Urbino,Vallefoglia
Molise,Campobasso,Bojano
Molise,Campobasso,Campobasso
Molise,Campobasso,Campodipietra
Molise,Campobasso,Campolieto
Molise,Campobasso,Castellino del Biferno
Molise,Campobasso,Cercemaggiore
Molise,Campobasso,Cercepiccola
Molise,Campobasso,Ferrazzano
Molise,Campobasso,Fossalto
Molise,Campobasso,Guglionesi
Molise,Campobasso,Jelsi
Molise,Campobasso,Mafalda
Molise,Campobasso,Montenero di Bisaccia
Molise,Campobasso,Petacciato
Molise,Campobasso,Pietracupa
Molise,Campobasso,Roccavivara
Molise,Campobasso,San Giacomo degli Schiavoni
Molise,Campobasso,San Giovanni in Galdo
Molise,Campobasso,San Giuliano di Puglia
Molise,Campobasso,Sant'Angelo Limosano
Molise,Campobasso,Termoli
Molise,Campobasso,Trivento
Molise,Isernia,Cantalupo nel Sannio
Molise,Isernia,Colli a Volturno
Molise,Isernia,Filignano
Molise,Isernia,Forlì del Sannio
Molise,Isernia,Fornelli
Molise,Isernia,Isernia
Molise,Isernia,Montaquila
Molise,Isernia,Pettoranello del Molise
Molise,Isernia,Pozzilli
Molise,Isernia,Rionero Sannitico
Molise,Isernia,Sant'Angelo del Pesco
Molise,Isernia,Venafro
Piemonte,Alessandria,Acqui Terme
Piemonte,Alessandria,Albera Ligure
Piemonte,Alessandria,Alessandria
Piemonte,Alessandria,Altavilla Monferrato
Piemonte,Alessandria,Arquata Scrivia
Piemonte,Alessandria,Balzola
Piemonte,Alessandria,Bassignana
Piemonte,Alessandria,Borgoratto Alessandrino
Piemonte,Alessandria,Camagna Monferrato
Piemonte,Alessandria,Carezzano
Piemonte,Alessandria,Carpeneto
Piemonte,Alessandria,Carrosio
Piemonte,Alessandria,Cartosio
Piemonte,Alessandria,Casale Monferrato
Piemonte,Alessandria,Cassine
Piemonte,Alessandria,Castelletto d'Orba
Piemonte,Alessandria,Castelspina
Piemonte,Alessandria,Fabbrica Curone
Piemonte,Alessandria,Felizzano
Piemonte,Alessandria,Fresonara
Piemonte,Alessandria,Gabiano
Piemonte,Alessandria,Giarole
Piemonte,Alessandria,Guazzora
Piemonte,Alessandria,Mirabello Monferrato
Piemonte,Alessandria,Molare
Piemonte,Alessandria,Mombello Monferrato
Piemonte,Alessandria,Moncestino
Piemonte,Alessandria,Mongiardino Ligure
Piemonte,Alessandria,Montaldeo
Piemonte,Alessandria,Novi Ligure
Piemonte,Alessandria,Olivola
Piemonte,Alessandria,Pecetto di Valenza
Piemonte,Alessandria,Pomaro Monferrato
Piemonte,Alessandria,Pontecurone
Piemonte,Alessandria,Pozzolo Formigaro
Piemonte,Alessandria,Quargnento
Piemonte,Alessandria,Rocca Grimalda
Piemonte,Alessandria,Rocchetta Ligure
Piemonte,Alessandria,San Giorgio Monferrato
Piemonte,Alessandria,San Sebastiano Curone
Piemonte,Alessandria,Spineto Scrivia
Piemonte,Alessandria,Terzo
Piemonte,Alessandria,Tortona
Piemonte,Alessandria,Valenza
Piemonte,Asti,Agliano Terme
Piemonte,Asti,Asti
Piemonte,Asti,Azzano d'Asti
Piemonte,Asti,Camerano Casasco
Piemonte,Asti,Canelli
Piemonte,Asti,Castel Boglione
Piemonte,Asti,Castell'Alfero
Piemonte,Asti,Castellero
Piemonte,Asti,Castelnuovo Belbo
Piemonte,Asti,Cerro Tanaro
Piemonte,Asti,Chiusano d'Asti
Piemonte,Asti,Corsione
Piemonte,Asti,Cortanze
Piemonte,Asti,Cossombrato
Piemonte,Asti,Cunico
Piemonte,Asti,Grana
Piemonte,Asti,Isola d'Asti
Piemonte,Asti,Moncalvo
Piemonte,Asti,Moncucco Torinese
Piemonte,Asti,Montaldo Scarampi
Piemonte,Asti,Refrancore
Piemonte,Asti,Rocchetta Palafea
Piemonte,Asti,Rocchetta Tanaro
Piemonte,Asti,San Damiano d'Asti
Piemonte,Asti,San Marzano Oliveto
Piemonte,Asti,San Paolo Solbrito
Piemonte,Asti,Villanova d'Asti
Piemonte,Biella,Andorno Micca
Piemonte,Biella,Biella
Piemonte,Biella,Borriana
Piemonte,Biella,Cossato
Piemonte,Biella,Dorzano
Piemonte,Biella,Gaglianico
Piemonte,Biella,Miagliano
Piemonte,Biella,Occhieppo Inferiore
Piemonte,Biella,Occhieppo Superiore
Piemonte,Biella,Pettinengo
Piemonte,Biella,Pollone
Piemonte,Biella,Pralungo
Piemonte,Biella,Pray
Piemonte,Biella,Sagliano Micca
Piemonte,Biella,Sordevolo
Piemonte,Biella,Tavigliano
Piemonte,Biella,Vallanzengo
Piemonte,Biella,Villa del Bosco
Piemonte,Biella,Zimone
Piemonte,Cuneo,Alba
Piemonte,Cuneo,Argentera
Piemonte,Cuneo,Battifollo
Piemonte,Cuneo,Bene Vagienna
Piemonte,Cuneo,Bosia
Piemonte,Cuneo,Bra
Piemonte,Cuneo,Busca
Piemonte,Cuneo,Canale
Piemonte,Cuneo,Caprauna
Piemonte,Cuneo,Caraglio
Piemonte,Cuneo,Casalgrasso
Piemonte,Cuneo,Castiglione Falletto
Piemonte,Cuneo,Cerretto Langhe
Piemonte,Cuneo,Cherasco
Piemonte,Cuneo,Chiusa di Pesio
Piemonte,Cuneo,Clavesana
Piemonte,Cuneo,Cortemilia
Piemonte,Cuneo,Crissolo
Piemonte,Cuneo,Cuneo
Piemonte,Cuneo,Dogliani
Piemonte,Cuneo,Dronero
Piemonte,Cuneo,Faule
Piemonte,Cuneo,Fossano
Piemonte,Cuneo,Gorzegno
Piemonte,Cuneo,Grinzane Cavour
Piemonte,Cuneo,Lequio Tanaro
Piemonte,Cuneo,Magliano Alpi
Piemonte,Cuneo,Marene
Piemonte,Cuneo,Marmora
Piemonte,Cuneo,Mombasiglio
Piemonte,Cuneo,Monasterolo Casotto
Piemonte,Cuneo,Monasterolo di Savigliano
Piemonte,Cuneo,Monchiero
Piemonte,Cuneo,Mondovì
Piemonte,Cuneo,Monesiglio
Piemonte,Cuneo,Montanera
Piemonte,Cuneo,Neive
Piemonte,Cuneo,Niella Belbo
Piemonte,Cuneo,Niella Tanaro
Piemonte,Cuneo,Novello
Piemonte,Cuneo,Pamparato
Piemonte,Cuneo,Peveragno
Piemonte,Cuneo,Pradleves
Piemonte,Cuneo,Revello
Piemonte,Cuneo,Rittana
Piemonte,Cuneo,Roddi
Piemonte,Cuneo,Ruffia
Piemonte,Cuneo,Saliceto
Piemonte,Cuneo,Sambuco
Piemonte,Cuneo,San Benedetto Belbo
Piemonte,Cuneo,Sanfrè
Piemonte,Cuneo,Savigliano
Piemonte,Cuneo,Serravalle Langhe
Piemonte,Cuneo,Sinio
Piemonte,Cuneo,Sommariva Perno
Piemonte,Cuneo,Tarantasca
Piemonte,Cuneo,Vernante
Piemonte,Cuneo,Vignolo
Piemonte,Cuneo,Villafalletto
Piemonte,Cuneo,Villar San Costanzo
Piemonte,Novara,Barengo
Piemonte,Novara,Bolzano Novarese
Piemonte,Novara,Borgolavezzaro
Piemonte,Novara,Borgomanero
Piemonte,Novara,Briga Novarese
Piemonte,Novara,Cameri
Piemonte,Novara,Castelletto sopra Ticino
Piemonte,Novara,Cavaglio d'Agogna
Piemonte,Novara,Cressa
Piemonte,Novara,Granozzo con Monticello
Piemonte,Novara,Lesa
Piemonte,Novara,Momo
Piemonte,Novara,Nibbiola
Piemonte,Novara,Novara
Piemonte,Novara,Recetto
Piemonte,Novara,Romagnano Sesia
Piemonte,Novara,Romentino
Piemonte,Novara,Sizzano
Piemonte,Novara,Terdobbiate
Piemonte,Novara,Trecate
Piemonte,Novara,Varallo Pombia
Piemonte,Novara,Vespolate
Piemonte,Torino,Agliè
Piemonte,Torino,Avigliana
Piemonte,Torino,Balme
Piemonte,Torino,Banchette
Piemonte,Torino,Barbania
Piemonte,Torino,Beinasco
Piemonte,Torino,Borgiallo
Piemonte,Torino,Borgone Susa
Piemonte,Torino,Brozolo
Piemonte,Torino,Brusasco
Piemonte,Torino,Burolo
Piemonte,Torino,Busano
Piemonte,Torino,Bussoleno
Piemonte,Torino,Buttigliera Alta
Piemonte,Torino,Caluso
Piemonte,Torino,Canischio
Piemonte,Torino,Carignano
Piemonte,Torino,Carmagnola
Piemonte,Torino,Caselette
Piemonte,Torino,Castellamonte
Piemonte,Torino,Cavagnolo
Piemonte,Torino,Cesana Torinese
Piemonte,Torino,Chialamberto
Piemonte,Torino,Chieri
Piemonte,Torino,Chivasso
Piemonte,Torino,Ciriè
Piemonte,Torino,Coazze
Piemonte,Torino,Collegno
Piemonte,Torino,Druento
Piemonte,Torino,Exilles
Piemonte,Torino,Fiorano Canavese
Piemonte,Torino,Groscavallo
Piemonte,Torino,Grugliasco
Piemonte,Torino,Isolabella
Piemonte,Torino,Issiglio
Piemonte,Torino,Ivrea
Piemonte,Torino,Lanzo Torinese
Piemonte,Torino,Lauriano
Piemonte,Torino,Lusigliè
Piemonte,Torino,Meana di Susa
Piemonte,Torino,Moncalieri
Piemonte,Torino,Montaldo Torinese
Piemonte,Torino,Montalenghe
Piemonte,Torino,Montanaro
Piemonte,Torino,Nichelino
Piemonte,Torino,Oglianico
Piemonte,Torino,Orbassano
Piemonte,Torino,Palazzo Canavese
Piemonte,Torino,Perosa Canavese
Piemonte,Torino,Pertusio
Piemonte,Torino,Pinasca
Piemonte,Torino,Pinerolo
Piemonte,Torino,Piobesi Torinese
Piemonte,Torino,Piossasco
Piemonte,Torino,Piscina
Piemonte,Torino,Piverone
Piemonte,Torino,Pont Canavese
Piemonte,Torino,Porte
Piemonte,Torino,Pralormo
Piemonte,Torino,Prarostino
Piemonte,Torino,Reano
Piemonte,Torino,Rivalta di Torino
Piemonte,Torino,Rivoli
Piemonte,Torino,Salerano Canavese
Piemonte,Torino,San Francesco al Campo
Piemonte,Torino,San Mauro Torinese
Piemonte,Torino,San Ponso
Piemonte,Torino,San Secondo di Pinerolo
Piemonte,Torino,Sant'Antonino di Susa
Piemonte,Torino,Santena
Piemonte,Torino,Settimo Torinese
Piemonte,Torino,Sparone
Piemonte,Torino,Torino
Piemonte,Torino,Torre Canavese
Piemonte,Torino,Torre Pellice
Piemonte,Torino,Valprato Soana
Piemonte,Torino,Venaria Reale
Piemonte,Torino,Villanova Canavese
Piemonte,Torino,Villar Focchiardo
Piemonte,Torino,Villastellone
Piemonte,Torino,Vinovo
Piemonte,Torino,Virle Piemonte
Piemonte,Torino,Volpiano
Piemonte,Verbano-Cusio-Ossola,Anzola d'Ossola
Piemonte,Verbano-Cusio-Ossola,Aurano
Piemonte,Verbano-Cusio-Ossola,Calasca-Castiglione
Piemonte,Verbano-Cusio-Ossola,Cannobio
Piemonte,Verbano-Cusio-Ossola,Casale Corte Cerro
Piemonte,Verbano-Cusio-Ossola,Crevoladossola
Piemonte,Verbano-Cusio-Ossola,Domodossola
Piemonte,Verbano-Cusio-Ossola,Druogno
Piemonte,Verbano-Cusio-Ossola,Gurro
Piemonte,Verbano-Cusio-Ossola,Macugnaga
Piemonte,Verbano-Cusio-Ossola,Madonna del Sasso
Piemonte,Verbano-Cusio-Ossola,Mergozzo
Piemonte,Verbano-Cusio-Ossola,Omegna
Piemonte,Verbano-Cusio-Ossola,Pallanzeno
Piemonte,Verbano-Cusio-Ossola,Piedimulera
Piemonte,Verbano-Cusio-Ossola,Premeno
Piemonte,Verbano-Cusio-Ossola,Stresa
Piemonte,Verbano-Cusio-Ossola,Verbania
Piemonte,Verbano-Cusio-Ossola,Vignone
Piemonte,Verbano-Cusio-Ossola,Villadossola
Piemonte,Vercelli,Alto Sermenza
Piemonte,Vercelli,Asigliano Vercellese
Piemonte,Vercelli,Borgosesia
Piemonte,Vercelli,Carcoforo
Piemonte,Vercelli,Caresanablot
Piemonte,Vercelli,Carisio
Piemonte,Vercelli,Casanova Elvo
Piemonte,Vercelli,Cigliano
Piemonte,Vercelli,Lignana
Piemonte,Vercelli,Livorno Ferraris
Piemonte,Vercelli,Lozzolo
Piemonte,Vercelli,Rossa
Piemonte,Vercelli,Rovasenda
Piemonte,Vercelli,San Germano Vercellese
Piemonte,Vercelli,San Giacomo Vercellese
Piemonte,Vercelli,Santhià
Piemonte,Vercelli,Scopello
Piemonte,Vercelli,Trino
Piemonte,Vercelli,Tronzano Vercellese
Piemonte,Vercelli,Varallo
Piemonte,Vercelli,Vercelli
Piemonte,Vercelli,Villarboit
Puglia,Bari,Acquaviva delle Fonti
Puglia,Bari,Altamura
Puglia,Bari,Bari
Puglia,Bari,Binetto
Puglia,Bari,Bitonto
Puglia,Bari,Capurso
Puglia,Bari,Casamassima
Puglia,Bari,Cassano delle Murge
Puglia,Bari,Castellana Grotte
Puglia,Bari,Conversano
Puglia,Bari,Corato
Puglia,Bari,Gioia del Colle
Puglia,Bari,Giovinazzo
Puglia,Bari,Gravina in Puglia
Puglia,Bari,Locorotondo
Puglia,Bari,Modugno
Puglia,Bari,Mola di Bari
Puglia,Bari,Molfetta
Puglia,Bari,Monopoli
Puglia,Bari,Noci
Puglia,Bari,Noicattaro
Puglia,Bari,Palo del Colle
Puglia,Bari,Putignano
Puglia,Bari,Rutigliano
Puglia,Bari,Ruvo di Puglia
Puglia,Bari,Sannicandro di Bari
Puglia,Bari,Santeramo in Colle
Puglia,Bari,Terlizzi
Puglia,Bari,Triggiano
Puglia,Barletta-Andria-Trani,Andria
Puglia,Barletta-Andria-Trani,Barletta
Puglia,Barletta-Andria-Trani,Bisceglie
Puglia,Barletta-Andria-Trani,Canosa di Puglia
Puglia,Barletta-Andria-Trani,Spinazzola
Puglia,Barletta-Andria-Trani,Trani
Puglia,Brindisi,Brindisi
Puglia,Brindisi,Ceglie Messapica
Puglia,Brindisi,Cellino San Marco
Puglia,Brindisi,Fasano
Puglia,Brindisi,Francavilla Fontana
Puglia,Brindisi,Latiano
Puglia,Brindisi,Mesagne
Puglia,Brindisi,Oria
Puglia,Brindisi,Ostuni
Puglia,Brindisi,San Donaci
Puglia,Brindisi,San Vito dei Normanni
Puglia,Brindisi,Villa Castelli
Puglia,Foggia,Accadia
Puglia,Foggia,Anzano di Puglia
Puglia,Foggia,Apricena
Puglia,Foggia,Carapelle
Puglia,Foggia,Castelnuovo della Daunia
Puglia,Foggia,Cerignola
Puglia,Foggia,Chieuti
Puglia,Foggia,Foggia
Puglia,Foggia,Lucera
Puglia,Foggia,Manfredonia
Puglia,Foggia,Motta Montecorvino
Puglia,Foggia,Peschici
Puglia,Foggia,Rodi Garganico
Puglia,Foggia,San Giovanni Rotondo
Puglia,Foggia,San Severo
Puglia,Foggia,Stornarella
Puglia,Foggia,Torremaggiore
Puglia,Foggia,Vico del Gargano
Puglia,Foggia,Zapponeta
Puglia,Lecce,Alliste
Puglia,Lecce,Campi Salentina
Puglia,Lecce,Carmiano
Puglia,Lecce,Casarano
Puglia,Lecce,Castrignano de' Greci
Puglia,Lecce,Cavallino
Puglia,Lecce,Copertino
Puglia,Lecce,Corsano
Puglia,Lecce,Diso
Puglia,Lecce,Gagliano del Capo
Puglia,Lecce,Galatina
Puglia,Lecce,Gallipoli
Puglia,Lecce,Giurdignano
Puglia,Lecce,Lecce
Puglia,Lecce,Maglie
Puglia,Lecce,Martano
Puglia,Lecce,Martignano
Puglia,Lecce,Matino
Puglia,Lecce,Melissano
Puglia,Lecce,Montesano Salentino
Puglia,Lecce,Nardò
Puglia,Lecce,Patù
Puglia,Lecce,Poggiardo
Puglia,Lecce,Porto Cesareo
Puglia,Lecce,Ruffano
Puglia,Lecce,Salice Salentino
Puglia,Lecce,Salve
Puglia,Lecce,Santa Cesarea Terme
Puglia,Lecce,Sogliano Cavour
Puglia,Lecce,Squinzano
Puglia,Lecce,Surbo
Puglia,Lecce,Trepuzzi
Puglia,Taranto,Castellaneta
Puglia,Taranto,Ginosa
Puglia,Taranto,Grottaglie
Puglia,Taranto,Manduria
Puglia,Taranto,Martina Franca
Puglia,Taranto,Massafra
Puglia,Taranto,Monteiasi
Puglia,Taranto,Monteparano
Puglia,Taranto,Mottola
Puglia,Taranto,Palagianello
Puglia,Taranto,Pulsano
Puglia,Taranto,San Giorgio Ionico
Puglia,Taranto,Sava
Puglia,Taranto,Taranto
Sardegna,Cagliari,Assemini
Sardegna,Cagliari,Cagliari
Sardegna,Cagliari,Capoterra
Sardegna,Cagliari,Maracalagonis
Sardegna,Cagliari,Monserrato
Sardegna,Cagliari,Quartu Sant'Elena
Sardegna,Cagliari,Sarroch
Sardegna,Cagliari,Selargius
Sardegna,Cagliari,Sestu
Sardegna,Nuoro,Atzara
Sardegna,Nuoro,Bari Sardo
Sardegna,Nuoro,Baunei
Sardegna,Nuoro,Bortigali
Sardegna,Nuoro,Cardedu
Sardegna,Nuoro,Desulo
Sardegna,Nuoro,Dorgali
Sardegna,Nuoro,Girasole
Sardegna,Nuoro,Irgoli
Sardegna,Nuoro,Mamoiada
Sardegna,Nuoro,Noragugume
Sardegna,Nuoro,Nuoro
Sardegna,Nuoro,Orani
Sardegna,Nuoro,Osini
Sardegna,Nuoro,Perdasdefogu
Sardegna,Nuoro,Siniscola
Sardegna,Nuoro,Teti
Sardegna,Nuoro,Tiana
Sardegna,Nuoro,Tortolì
Sardegna,Oristano,Abbasanta
Sardegna,Oristano,Arborea
Sardegna,Oristano,Baressa
Sardegna,Oristano,Busachi
Sardegna,Oristano,Cabras
Sardegna,Oristano,Gonnostramatza
Sardegna,Oristano,Marrubiu
Sardegna,Oristano,Modolo
Sardegna,Oristano,Mogoro
Sardegna,Oristano,Morgongiori
Sardegna,Oristano,Nurachi
Sardegna,Oristano,Nureci
Sardegna,Oristano,Oristano
Sardegna,Oristano,Senis
Sardegna,Oristano,Sini
Sardegna,Oristano,Siris
Sardegna,Oristano,Solarussa
Sardegna,Oristano,Tresnuraghes
Sardegna,Oristano,Villa Verde
Sardegna,Oristano,Villaurbana
Sardegna,Sassari,Alà dei Sardi
Sardegna,Sassari,Alghero
Sardegna,Sassari,Anela
Sardegna,Sassari,Arzachena
Sardegna,Sassari,Bono
Sardegna,Sassari,Bulzi
Sardegna,Sassari,Burgos
Sardegna,Sassari,Calangianus
Sardegna,Sassari,Castelsardo
Sardegna,Sassari,Codrongianos
Sardegna,Sassari,Erula
Sardegna,Sassari,Giave
Sardegna,Sassari,Luogosanto
Sardegna,Sassari,Luras
Sardegna,Sassari,Muros
Sardegna,Sassari,Olbia
Sardegna,Sassari,Osilo
Sardegna,Sassari,Palau
Sardegna,Sassari,Porto Torres
Sardegna,Sassari,Santa Teresa Gallura
Sardegna,Sassari,Sassari
Sardegna,Sassari,Sennori
Sardegna,Sassari,Sorso
Sardegna,Sassari,Stintino
Sardegna,Sassari,Uri
Sardegna,Sud Sardegna,Arbus
Sardegna,Sud Sardegna,Ballao
Sardegna,Sud Sardegna,Barrali
Sardegna,Sud Sardegna,Barumini
Sardegna,Sud Sardegna,Calasetta
Sardegna,Sud Sardegna,Carbonia
Sardegna,Sud Sardegna,Carloforte
Sardegna,Sud Sardegna,Fluminimaggiore
Sardegna,Sud Sardegna,Gesico
Sardegna,Sud Sardegna,Guspini
Sardegna,Sud Sardegna,Iglesias
Sardegna,Sud Sardegna,Isili
Sardegna,Sud Sardegna,Nurri
Sardegna,Sud Sardegna,Pauli Arbarei
Sardegna,Sud Sardegna,Pimentel
Sardegna,Sud Sardegna,Portoscuso
Sardegna,Sud Sardegna,Samatzai
Sardegna,Sud Sardegna,San Giovanni Suergiu
Sardegna,Sud Sardegna,Sant'Andrea Frius
Sardegna,Sud Sardegna,Serramanna
Sardegna,Sud Sardegna,Serrenti
Sardegna,Sud Sardegna,Siliqua
Sardegna,Sud Sardegna,Siurgus Donigala
Sardegna,Sud Sardegna,Villacidro
Sardegna,Sud Sardegna,Villanovaforru
Sardegna,Sud Sardegna,Villasalto
Sardegna,Sud Sardegna,Villasimius
Sicilia,Agrigento,Agrigento
Sicilia,Agrigento,Alessandria della Rocca
Sicilia,Agrigento,Aragona
Sicilia,Agrigento,Cammarata
Sicilia,Agrigento,Campobello di Licata
Sicilia,Agrigento,Canicattì
Sicilia,Agrigento,Casteltermini
Sicilia,Agrigento,Cattolica Eraclea
Sicilia,Agrigento,Comitini
Sicilia,Agrigento,Favara
Sicilia,Agrigento,Grotte
Sicilia,Agrigento,Licata
Sicilia,Agrigento,Palma di Montechiaro
Sicilia,Agrigento,Porto Empedocle
Sicilia,Agrigento,Raffadali
Sicilia,Agrigento,Ravanusa
Sicilia,Agrigento,Ribera
Sicilia,Agrigento,San Biagio Platani
Sicilia,Agrigento,Sciacca
Sicilia,Caltanissetta,Caltanissetta
Sicilia,Caltanissetta,Gela
Sicilia,Caltanissetta,Mazzarino
Sicilia,Caltanissetta,Montedoro
Sicilia,Caltanissetta,Niscemi
Sicilia,Caltanissetta,San Cataldo
Sicilia,Caltanissetta,Sommatino
Sicilia,Caltanissetta,Vallelunga Pratameno
Sicilia,Catania,Aci Bonaccorsi
Sicilia,Catania,Aci Castello
Sicilia,Catania,Aci Catena
Sicilia,Catania,Aci Sant'Antonio
Sicilia,Catania,Acireale
Sicilia,Catania,Adrano
Sicilia,Catania,Belpasso
Sicilia,Catania,Biancavilla
Sicilia,Catania,Bronte
Sicilia,Catania,Caltagirone
Sicilia,Catania,Catania
Sicilia,Catania,Giarre
Sicilia,Catania,Grammichele
Sicilia,Catania,Gravina di Catania
Sicilia,Catania,Licodia Eubea
Sicilia,Catania,Linguaglossa
Sicilia,Catania,Mascalucia
Sicilia,Catania,Mirabella Imbaccari
Sicilia,Catania,Misterbianco
Sicilia,Catania,Motta Sant'Anastasia
Sicilia,Catania,Nicolosi
Sicilia,Catania,Palagonia
Sicilia,Catania,Paternò
Sicilia,Catania,Ramacca
Sicilia,Catania,Randazzo
Sicilia,Catania,Riposto
Sicilia,Catania,San Giovanni la Punta
Sicilia,Catania,Santa Maria di Licodia
Sicilia,Catania,Sant'Agata li Battiati
Sicilia,Catania,Scordia
Sicilia,Catania,Tremestieri Etneo
Sicilia,Catania,Viagrande
Sicilia,Enna,Agira
Sicilia,Enna,Assoro
Sicilia,Enna,Barrafranca
Sicilia,Enna,Enna
Sicilia,Enna,Leonforte
Sicilia,Enna,Nissoria
Sicilia,Enna,Piazza Armerina
Sicilia,Enna,Pietraperzia
Sicilia,Enna,Sperlinga
Sicilia,Messina,Alì Terme
Sicilia,Messina,Barcellona Pozzo di Gotto
Sicilia,Messina,Capo d'Orlando
Sicilia,Messina,Falcone
Sicilia,Messina,Ficarra
Sicilia,Messina,Furnari
Sicilia,Messina,Giardini-Naxos
Sicilia,Messina,Gualtieri Sicaminò
Sicilia,Messina,Leni
Sicilia,Messina,Lipari
Sicilia,Messina,Mandanici
Sicilia,Messina,Messina
Sicilia,Messina,Milazzo
Sicilia,Messina,Motta Camastra
Sicilia,Messina,Pagliara
Sicilia,Messina,Piraino
Sicilia,Messina,Reitano
Sicilia,Messina,Roccafiorita
Sicilia,Messina,San Fratello
Sicilia,Messina,San Piero Patti
Sicilia,Messina,San Salvatore di Fitalia
Sicilia,Messina,Santa Lucia del Mela
Sicilia,Messina,Santa Teresa di Riva
Sicilia,Messina,Sant'Agata di Militello
Sicilia,Messina,Sant'Alessio Siculo
Sicilia,Messina,Savoca
Sicilia,Messina,Sinagra
Sicilia,Messina,Spadafora
Sicilia,Messina,Torregrotta
Sicilia,Messina,Tortorici
Sicilia,Messina,Ucria
Sicilia,Palermo,Alia
Sicilia,Palermo,Alimena
Sicilia,Palermo,Bagheria
Sicilia,Palermo,Belmonte Mezzagno
Sicilia,Palermo,Bisacquino
Sicilia,Palermo,Blufi
Sicilia,Palermo,Borgetto
Sicilia,Palermo,Caccamo
Sicilia,Palermo,Capaci
Sicilia,Palermo,Carini
Sicilia,Palermo,Castelbuono
Sicilia,Palermo,Cerda
Sicilia,Palermo,Chiusa Sclafani
Sicilia,Palermo,Ficarazzi
Sicilia,Palermo,Godrano
Sicilia,Palermo,Marineo
Sicilia,Palermo,Mezzojuso
Sicilia,Palermo,Misilmeri
Sicilia,Palermo,Monreale
Sicilia,Palermo,Palermo
Sicilia,Palermo,Partinico
Sicilia,Palermo,San Cipirello
Sicilia,Palermo,San Giuseppe Jato
Sicilia,Palermo,Termini Imerese
Sicilia,Palermo,Terrasini
Sicilia,Palermo,Trappeto
Sicilia,Palermo,Ustica
Sicilia,Palermo,Vicari
Sicilia,Palermo,Villabate
Sicilia,Ragusa,Acate
Sicilia,Ragusa,Comiso
Sicilia,Ragusa,Ispica
Sicilia,Ragusa,Modica
Sicilia,Ragusa,Monterosso Almo
Sicilia,Ragusa,Pozzallo
Sicilia,Ragusa,Ragusa
Sicilia,Ragusa,Santa Croce Camerina
Sicilia,Ragusa,Scicli
Sicilia,Ragusa,Vittoria
Sicilia,Siracusa,Augusta
Sicilia,Siracusa,Avola
Sicilia,Siracusa,Buccheri
Sicilia,Siracusa,Carlentini
Sicilia,Siracusa,Floridia
Sicilia,Siracusa,Francofonte
Sicilia,Siracusa,Lentini
Sicilia,Siracusa,Noto
Sicilia,Siracusa,Pachino
Sicilia,Siracusa,Priolo Gargallo
Sicilia,Siracusa,Rosolini
Sicilia,Siracusa,Siracusa
Sicilia,Siracusa,Sortino
Sicilia,Trapani,Alcamo
Sicilia,Trapani,Buseto Palizzolo
Sicilia,Trapani,Castellammare del Golfo
Sicilia,Trapani,Castelvetrano
Sicilia,Trapani,Erice
Sicilia,Trapani,Marsala
Sicilia,Trapani,Mazara del Vallo
Sicilia,Trapani,Misiliscemi
Sicilia,Trapani,Petrosino
Sicilia,Trapani,Salemi
Sicilia,Trapani,Santa Ninfa
Sicilia,Trapani,Trapani
Toscana,Arezzo,Arezzo
Toscana,Arezzo,Bucine
Toscana,Arezzo,Capolona
Toscana,Arezzo,Castel San Niccolò
Toscana,Arezzo,Castelfranco Piandiscò
Toscana,Arezzo,Chiusi della Verna
Toscana,Arezzo,Cortona
Toscana,Arezzo,Loro Ciuffenna
Toscana,Arezzo,Monte San Savino
Toscana,Arezzo,Montevarchi
Toscana,Arezzo,Ortignano Raggiolo
Toscana,Arezzo,Sansepolcro
Toscana,Arezzo,Terranuova Bracciolini
Toscana,Firenze,Bagno a Ripoli
Toscana,Firenze,Borgo San Lorenzo
Toscana,Firenze,Calenzano
Toscana,Firenze,Campi Bisenzio
Toscana,Firenze,Castelfiorentino
Toscana,Firenze,Cerreto Guidi
Toscana,Firenze,Empoli
Toscana,Firenze,Fiesole
Toscana,Firenze,Figline e Incisa Valdarno
Toscana,Firenze,Firenze
Toscana,Firenze,Fucecchio
Toscana,Firenze,Impruneta
Toscana,Firenze,Lastra a Signa
Toscana,Firenze,Montelupo Fiorentino
Toscana,Firenze,Montespertoli
Toscana,Firenze,Palazzuolo sul Senio
Toscana,Firenze,Pontassieve
Toscana,Firenze,Rufina
Toscana,Firenze,Scandicci
Toscana,Firenze,Sesto Fiorentino
Toscana,Firenze,Signa
Toscana,Firenze,Vaglia
Toscana,Firenze,Vinci
Toscana,Grosseto,Capalbio
Toscana,Grosseto,Castiglione della Pescaia
Toscana,Grosseto,Follonica
Toscana,Grosseto,Gavorrano
Toscana,Grosseto,Grosseto
Toscana,Grosseto,Manciano
Toscana,Grosseto,Monte Argentario
Toscana,Grosseto,Montieri
Toscana,Grosseto,Semproniano
Toscana,Grosseto,Sorano
Toscana,Livorno,Campo nell'Elba
Toscana,Livorno,Cecina
Toscana,Livorno,Collesalvetti
Toscana,Livorno,Livorno
Toscana,Livorno,Marciana
Toscana,Livorno,Piombino
Toscana,Livorno,Portoferraio
Toscana,Livorno,Rosignano Marittimo
Toscana,Lucca,Barga
Toscana,Lucca,Borgo a Mozzano
Toscana,Lucca,Camaiore
Toscana,Lucca,Camporgiano
Toscana,Lucca,Capannori
Toscana,Lucca,Careggine
Toscana,Lucca,Forte dei Marmi
Toscana,Lucca,Lucca
Toscana,Lucca,Massarosa
Toscana,Lucca,Montecarlo
Toscana,Lucca,Piazza al Serchio
Toscana,Lucca,Pietrasanta
Toscana,Lucca,Viareggio
Toscana,Massa-Carrara,Aulla
Toscana,Massa-Carrara,Carrara
Toscana,Massa-Carrara,Fosdinovo
Toscana,Massa-Carrara,Licciana Nardi
Toscana,Massa-Carrara,Massa
Toscana,Massa-Carrara,Mulazzo
Toscana,Pisa,Bientina
Toscana,Pisa,Casciana Terme Lari
Toscana,Pisa,Cascina
Toscana,Pisa,Castelfranco di Sotto
Toscana,Pisa,Crespina Lorenzana
Toscana,Pisa,Montecatini Val di Cecina
Toscana,Pisa,Pisa
Toscana,Pisa,Pomarance
Toscana,Pisa,Pontedera
Toscana,Pisa,Riparbella
Toscana,Pisa,San Giuliano Terme
Toscana,Pisa,San Miniato
Toscana,Pisa,Santa Croce sull'Arno
Toscana,Pisa,Vecchiano
Toscana,Pistoia,Abetone Cutigliano
Toscana,Pistoia,Agliana
Toscana,Pistoia,Buggiano
Toscana,Pistoia,Marliana
Toscana,Pistoia,Massa e Cozzile
Toscana,Pistoia,Monsummano Terme
Toscana,Pistoia,Montecatini-Terme
Toscana,Pistoia,Pescia
Toscana,Pistoia,Pistoia
Toscana,Pistoia,Ponte Buggianese
Toscana,Pistoia,Quarrata
Toscana,Prato,Carmignano
Toscana,Prato,Montemurlo
Toscana,Prato,Poggio a Caiano
Toscana,Prato,Prato
Toscana,Siena,Abbadia San Salvatore
Toscana,Siena,Casole d'Elsa
Toscana,Siena,Castellina in Chianti
Toscana,Siena,Castelnuovo Berardenga
Toscana,Siena,Colle di Val d'Elsa
Toscana,Siena,Monteriggioni
Toscana,Siena,Monteroni d'Arbia
Toscana,Siena,Monticiano
Toscana,Siena,Pienza
Toscana,Siena,Poggibonsi
Toscana,Siena,San Gimignano
Toscana,Siena,Siena
Toscana,Siena,Sinalunga
Toscana,Siena,Sovicille
Toscana,Siena,Torrita di Siena
Toscana,Siena,Trequanda
Trentino-Alto Adige/Südtirol,Bolzano/Bozen,Andriano/Andrian
Trentino-Alto Adige/Südtirol,Bolzano/Bozen,"Appiano sulla strada del vino/Eppan an der
Weinstraße"
Trentino-Alto Adige/Südtirol,Bolzano/Bozen,Barbiano/Barbian
Trentino-Alto Adige/Südtirol,Bolzano/Bozen,Bolzano/Bozen
Trentino-Alto Adige/Südtirol,Bolzano/Bozen,Bressanone/Brixen
Trentino-Alto Adige/Südtirol,Bolzano/Bozen,Brunico/Bruneck
Trentino-Alto Adige/Südtirol,Bolzano/Bozen,"Caldaro sulla strada del vino/Kaltern an der
Weinstraße"
Trentino-Alto Adige/Südtirol,Bolzano/Bozen,Campo Tures/Sand in Taufers
Trentino-Alto Adige/Südtirol,Bolzano/Bozen,Castelrotto/Kastelruth
Trentino-Alto Adige/Südtirol,Bolzano/Bozen,Chiusa/Klausen
Trentino-Alto Adige/Südtirol,Bolzano/Bozen,"Cortina sulla strada del vino/Kurtinig an der
Weinstraße"
Trentino-Alto Adige/Südtirol,Bolzano/Bozen,Corvara in Badia/Corvara
Trentino-Alto Adige/Südtirol,Bolzano/Bozen,Fiè allo Sciliar/Völs am Schlern
Trentino-Alto Adige/Südtirol,Bolzano/Bozen,Gais/Gais
Trentino-Alto Adige/Südtirol,Bolzano/Bozen,Glorenza/Glurns
Trentino-Alto Adige/Südtirol,Bolzano/Bozen,Laces/Latsch
Trentino-Alto Adige/Südtirol,Bolzano/Bozen,Lagundo/Algund
Trentino-Alto Adige/Südtirol,Bolzano/Bozen,Laives/Leifers
Trentino-Alto Adige/Südtirol,Bolzano/Bozen,Lana/Lana
Trentino-Alto Adige/Südtirol,Bolzano/Bozen,Luson/Lüsen
Trentino-Alto Adige/Südtirol,Bolzano/Bozen,Marebbe/Enneberg
Trentino-Alto Adige/Südtirol,Bolzano/Bozen,Marlengo/Marling
Trentino-Alto Adige/Südtirol,Bolzano/Bozen,Merano/Meran
Trentino-Alto Adige/Südtirol,Bolzano/Bozen,Nalles/Nals
Trentino-Alto Adige/Südtirol,Bolzano/Bozen,Nova Ponente/Deutschnofen
Trentino-Alto Adige/Südtirol,Bolzano/Bozen,Ora/Auer
Trentino-Alto Adige/Südtirol,Bolzano/Bozen,Ponte Gardena/Waidbruck
Trentino-Alto Adige/Südtirol,Bolzano/Bozen,Rio di Pusteria/Mühlbach
Trentino-Alto Adige/Südtirol,Bolzano/Bozen,Rodengo/Rodeneck
Trentino-Alto Adige/Südtirol,Bolzano/Bozen,San Candido/Innichen
Trentino-Alto Adige/Südtirol,Bolzano/Bozen,San Genesio Atesino/Jenesien
Trentino-Alto Adige/Südtirol,Bolzano/Bozen,"San Leonardo in Passiria/St. Leonhard in
Passeier"
Trentino-Alto Adige/Südtirol,Bolzano/Bozen,Sarentino/Sarntal
Trentino-Alto Adige/Südtirol,Bolzano/Bozen,Scena/Schenna
Trentino-Alto Adige/Südtirol,Bolzano/Bozen,"Selva di Val Gardena/Wolkenstein in
Gröden"
Trentino-Alto Adige/Südtirol,Bolzano/Bozen,Silandro/Schlanders
Trentino-Alto Adige/Südtirol,Bolzano/Bozen,Sluderno/Schluderns
Trentino-Alto Adige/Südtirol,Bolzano/Bozen,Valdaora/Olang
Trentino-Alto Adige/Südtirol,Bolzano/Bozen,Valle Aurina/Ahrntal
Trentino-Alto Adige/Südtirol,Bolzano/Bozen,Valle di Casies/Gsies
Trentino-Alto Adige/Südtirol,Bolzano/Bozen,Velturno/Feldthurns
Trentino-Alto Adige/Südtirol,Bolzano/Bozen,Vipiteno/Sterzing
Trentino-Alto Adige/Südtirol,Trento,Ala
Trentino-Alto Adige/Südtirol,Trento,Amblar-Don
Trentino-Alto Adige/Südtirol,Trento,Arco
Trentino-Alto Adige/Südtirol,Trento,Avio
Trentino-Alto Adige/Südtirol,Trento,Baselga di Pinè
Trentino-Alto Adige/Südtirol,Trento,Bondone
Trentino-Alto Adige/Südtirol,Trento,Borgo Chiese
Trentino-Alto Adige/Südtirol,Trento,Borgo Lares
Trentino-Alto Adige/Südtirol,Trento,Caldes
Trentino-Alto Adige/Südtirol,Trento,Canal San Bovo
Trentino-Alto Adige/Südtirol,Trento,Capriana
Trentino-Alto Adige/Südtirol,Trento,Castel Ivano
Trentino-Alto Adige/Südtirol,Trento,Castello-Molina di Fiemme
Trentino-Alto Adige/Südtirol,Trento,Cavareno
Trentino-Alto Adige/Südtirol,Trento,Cavizzana
Trentino-Alto Adige/Südtirol,Trento,Cembra Lisignago
Trentino-Alto Adige/Südtirol,Trento,Civezzano
Trentino-Alto Adige/Südtirol,Trento,Cles
Trentino-Alto Adige/Südtirol,Trento,Dambel
Trentino-Alto Adige/Südtirol,Trento,Folgaria
Trentino-Alto Adige/Südtirol,Trento,Grigno
Trentino-Alto Adige/Südtirol,Trento,Isera
Trentino-Alto Adige/Südtirol,Trento,Lavarone
Trentino-Alto Adige/Südtirol,Trento,Lavis
Trentino-Alto Adige/Südtirol,Trento,Massimeno
Trentino-Alto Adige/Südtirol,Trento,Mezzano
Trentino-Alto Adige/Südtirol,Trento,Mezzocorona
Trentino-Alto Adige/Südtirol,Trento,Mezzolombardo
Trentino-Alto Adige/Südtirol,Trento,Mori
Trentino-Alto Adige/Südtirol,Trento,Ossana
Trentino-Alto Adige/Südtirol,Trento,Pelugo
Trentino-Alto Adige/Südtirol,Trento,Pergine Valsugana
Trentino-Alto Adige/Südtirol,Trento,Pomarolo
Trentino-Alto Adige/Südtirol,Trento,Porte di Rendena
Trentino-Alto Adige/Südtirol,Trento,Predazzo
Trentino-Alto Adige/Südtirol,Trento,Primiero San Martino di Castrozza
Trentino-Alto Adige/Südtirol,Trento,Riva del Garda
Trentino-Alto Adige/Südtirol,Trento,Roncegno Terme
Trentino-Alto Adige/Südtirol,Trento,Rovereto
Trentino-Alto Adige/Südtirol,Trento,Sarnonico
Trentino-Alto Adige/Südtirol,Trento,Scurelle
Trentino-Alto Adige/Südtirol,Trento,Spormaggiore
Trentino-Alto Adige/Südtirol,Trento,Storo
Trentino-Alto Adige/Südtirol,Trento,Tenna
Trentino-Alto Adige/Südtirol,Trento,Terragnolo
Trentino-Alto Adige/Südtirol,Trento,Tesero
Trentino-Alto Adige/Südtirol,Trento,Trento
Trentino-Alto Adige/Südtirol,Trento,Vermiglio
Trentino-Alto Adige/Südtirol,Trento,Villa Lagarina
Trentino-Alto Adige/Südtirol,Trento,Volano
Umbria,Perugia,Assisi
Umbria,Perugia,Bastia Umbra
Umbria,Perugia,Bettona
Umbria,Perugia,Campello sul Clitunno
Umbria,Perugia,Castiglione del Lago
Umbria,Perugia,Citerna
Umbria,Perugia,Città di Castello
Umbria,Perugia,Corciano
Umbria,Perugia,Foligno
Umbria,Perugia,Fossato di Vico
Umbria,Perugia,Giano dell'Umbria
Umbria,Perugia,Gubbio
Umbria,Perugia,Magione
Umbria,Perugia,Marsciano
Umbria,Perugia,Nocera Umbra
Umbria,Perugia,Paciano
Umbria,Perugia,Passignano sul Trasimeno
Umbria,Perugia,Perugia
Umbria,Perugia,Pietralunga
Umbria,Perugia,San Giustino
Umbria,Perugia,Scheggino
Umbria,Perugia,Spoleto
Umbria,Perugia,Todi
Umbria,Perugia,Torgiano
Umbria,Perugia,Trevi
Umbria,Terni,Amelia
Umbria,Terni,Arrone
Umbria,Terni,Baschi
Umbria,Terni,Ferentillo
Umbria,Terni,Montecchio
Umbria,Terni,Monteleone d'Orvieto
Umbria,Terni,Narni
Umbria,Terni,Orvieto
Umbria,Terni,Polino
Umbria,Terni,San Gemini
Umbria,Terni,Terni
Valle d'Aosta/Vallée d'Aoste,Valle d'Aosta/Vallée d'Aoste,Aosta
Valle d'Aosta/Vallée d'Aoste,Valle d'Aosta/Vallée d'Aoste,Arnad
Valle d'Aosta/Vallée d'Aoste,Valle d'Aosta/Vallée d'Aoste,Aymavilles
Valle d'Aosta/Vallée d'Aoste,Valle d'Aosta/Vallée d'Aoste,Challand-Saint-Victor
Valle d'Aosta/Vallée d'Aoste,Valle d'Aosta/Vallée d'Aoste,Chambave
Valle d'Aosta/Vallée d'Aoste,Valle d'Aosta/Vallée d'Aoste,Charvensod
Valle d'Aosta/Vallée d'Aoste,Valle d'Aosta/Vallée d'Aoste,Châtillon
Valle d'Aosta/Vallée d'Aoste,Valle d'Aosta/Vallée d'Aoste,Courmayeur
Valle d'Aosta/Vallée d'Aoste,Valle d'Aosta/Vallée d'Aoste,Donnas
Valle d'Aosta/Vallée d'Aoste,Valle d'Aosta/Vallée d'Aoste,Emarèse
Valle d'Aosta/Vallée d'Aoste,Valle d'Aosta/Vallée d'Aoste,Fontainemore
Valle d'Aosta/Vallée d'Aoste,Valle d'Aosta/Vallée d'Aoste,Gaby
Valle d'Aosta/Vallée d'Aoste,Valle d'Aosta/Vallée d'Aoste,Gressan
Valle d'Aosta/Vallée d'Aoste,Valle d'Aosta/Vallée d'Aoste,Gressoney-Saint-Jean
Valle d'Aosta/Vallée d'Aoste,Valle d'Aosta/Vallée d'Aoste,Issogne
Valle d'Aosta/Vallée d'Aoste,Valle d'Aosta/Vallée d'Aoste,La Salle
Valle d'Aosta/Vallée d'Aoste,Valle d'Aosta/Vallée d'Aoste,Montjovet
Valle d'Aosta/Vallée d'Aoste,Valle d'Aosta/Vallée d'Aoste,Morgex
Valle d'Aosta/Vallée d'Aoste,Valle d'Aosta/Vallée d'Aoste,Nus
Valle d'Aosta/Vallée d'Aoste,Valle d'Aosta/Vallée d'Aoste,Ollomont
Valle d'Aosta/Vallée d'Aoste,Valle d'Aosta/Vallée d'Aoste,Oyace
Valle d'Aosta/Vallée d'Aoste,Valle d'Aosta/Vallée d'Aoste,Pollein
Valle d'Aosta/Vallée d'Aoste,Valle d'Aosta/Vallée d'Aoste,Pont-Saint-Martin
Valle d'Aosta/Vallée d'Aoste,Valle d'Aosta/Vallée d'Aoste,Quart
Valle d'Aosta/Vallée d'Aoste,Valle d'Aosta/Vallée d'Aoste,Saint-Christophe
Valle d'Aosta/Vallée d'Aoste,Valle d'Aosta/Vallée d'Aoste,Saint-Pierre
Valle d'Aosta/Vallée d'Aoste,Valle d'Aosta/Vallée d'Aoste,Saint-Vincent
Valle d'Aosta/Vallée d'Aoste,Valle d'Aosta/Vallée d'Aoste,Sarre
Valle d'Aosta/Vallée d'Aoste,Valle d'Aosta/Vallée d'Aoste,Valtournenche
Valle d'Aosta/Vallée d'Aoste,Valle d'Aosta/Vallée d'Aoste,Verrayes
Valle d'Aosta/Vallée d'Aoste,Valle d'Aosta/Vallée d'Aoste,Verrès
Valle d'Aosta/Vallée d'Aoste,Valle d'Aosta/Vallée d'Aoste,Villeneuve
Veneto,Belluno,Belluno
Veneto,Belluno,Canale d'Agordo
Veneto,Belluno,Cesiomaggiore
Veneto,Belluno,Comelico Superiore
Veneto,Belluno,Domegge di Cadore
Veneto,Belluno,Falcade
Veneto,Belluno,Feltre
Veneto,Belluno,Limana
Veneto,Belluno,Lozzo di Cadore
Veneto,Belluno,Ospitale di Cadore
Veneto,Belluno,Pieve di Cadore
Veneto,Belluno,Ponte nelle Alpi
Veneto,Belluno,Quero Vas
Veneto,Belluno,San Nicolò di Comelico
Veneto,Belluno,San Pietro di Cadore
Veneto,Belluno,Santa Giustina
Veneto,Belluno,Santo Stefano di Cadore
Veneto,Belluno,Selva di Cadore
Veneto,Belluno,Sospirolo
Veneto,Belluno,Voltago Agordino
Veneto,Padova,Abano Terme
Veneto,Padova,Albignasego
Veneto,Padova,Arzergrande
Veneto,Padova,Barbona
Veneto,Padova,Borgoricco
Veneto,Padova,Brugine
Veneto,Padova,Campodoro
Veneto,Padova,Cinto Euganeo
Veneto,Padova,Cittadella
Veneto,Padova,Correzzola
Veneto,Padova,Curtarolo
Veneto,Padova,Limena
Veneto,Padova,Masi
Veneto,Padova,Mestrino
Veneto,Padova,Montegrotto Terme
Veneto,Padova,Padova
Veneto,Padova,Piove di Sacco
Veneto,Padova,Polverara
Veneto,Padova,San Martino di Lupari
Veneto,Padova,San Pietro Viminario
Veneto,Padova,Selvazzano Dentro
Veneto,Padova,Solesino
Veneto,Padova,Stanghella
Veneto,Padova,Teolo
Veneto,Padova,Tribano
Veneto,Padova,Vigodarzere
Veneto,Padova,Vigonza
Veneto,Padova,Villa del Conte
Veneto,Padova,Villafranca Padovana
Veneto,Padova,Villanova di Camposampiero
Veneto,Rovigo,Adria
Veneto,Rovigo,Bergantino
Veneto,Rovigo,Canda
Veneto,Rovigo,Castelguglielmo
Veneto,Rovigo,Castelmassa
Veneto,Rovigo,Corbola
Veneto,Rovigo,Ficarolo
Veneto,Rovigo,Loreo
Veneto,Rovigo,Papozze
Veneto,Rovigo,Porto Tolle
Veneto,Rovigo,Porto Viro
Veneto,Rovigo,Rovigo
Veneto,Rovigo,Salara
Veneto,Rovigo,Taglio di Po
Veneto,Rovigo,Villadose
Veneto,Treviso,Cappella Maggiore
Veneto,Treviso,Casale sul Sile
Veneto,Treviso,Casier
Veneto,Treviso,Castelfranco Veneto
Veneto,Treviso,Codognè
Veneto,Treviso,Colle Umberto
Veneto,Treviso,Conegliano
Veneto,Treviso,Cordignano
Veneto,Treviso,Cornuda
Veneto,Treviso,Farra di Soligo
Veneto,Treviso,Follina
Veneto,Treviso,Fonte
Veneto,Treviso,Loria
Veneto,Treviso,Maserada sul Piave
Veneto,Treviso,Mogliano Veneto
Veneto,Treviso,Montebelluna
Veneto,Treviso,Nervesa della Battaglia
Veneto,Treviso,Oderzo
Veneto,Treviso,Paese
Veneto,Treviso,Portobuffolè
Veneto,Treviso,Revine Lago
Veneto,Treviso,Riese Pio X
Veneto,Treviso,San Biagio di Callalta
Veneto,Treviso,Sarmede
Veneto,Treviso,Spresiano
Veneto,Treviso,Tarzo
Veneto,Treviso,Treviso
Veneto,Treviso,Valdobbiadene
Veneto,Treviso,Villorba
Veneto,Treviso,Vittorio Veneto
Veneto,Venezia,Cavarzere
Veneto,Venezia,Ceggia
Veneto,Venezia,Chioggia
Veneto,Venezia,Concordia Sagittaria
Veneto,Venezia,Gruaro
Veneto,Venezia,Jesolo
Veneto,Venezia,Marcon
Veneto,Venezia,Martellago
Veneto,Venezia,Meolo
Veneto,Venezia,Mira
Veneto,Venezia,Mirano
Veneto,Venezia,Noventa di Piave
Veneto,Venezia,Portogruaro
Veneto,Venezia,Quarto d'Altino
Veneto,Venezia,San Donà di Piave
Veneto,Venezia,San Michele al Tagliamento
Veneto,Venezia,San Stino di Livenza
Veneto,Venezia,Santa Maria di Sala
Veneto,Venezia,Scorzè
Veneto,Venezia,Spinea
Veneto,Venezia,Venezia
Veneto,Verona,Affi
Veneto,Verona,Bevilacqua
Veneto,Verona,Bussolengo
Veneto,Verona,Caprino Veronese
Veneto,Verona,Cerro Veronese
Veneto,Verona,Colognola ai Colli
Veneto,Verona,Erbezzo
Veneto,Verona,Ferrara di Monte Baldo
Veneto,Verona,Fumane
Veneto,Verona,Garda
Veneto,Verona,Grezzana
Veneto,Verona,Illasi
Veneto,Verona,Isola della Scala
Veneto,Verona,Legnago
Veneto,Verona,Malcesine
Veneto,Verona,Marano di Valpolicella
Veneto,Verona,Negrar di Valpolicella
Veneto,Verona,Oppeano
Veneto,Verona,Povegliano Veronese
Veneto,Verona,Ronco all'Adige
Veneto,Verona,San Bonifacio
Veneto,Verona,San Giovanni Lupatoto
Veneto,Verona,San Martino Buon Albergo
Veneto,Verona,San Pietro di Morubio
Veneto,Verona,San Pietro in Cariano
Veneto,Verona,Soave
Veneto,Verona,Sommacampagna
Veneto,Verona,Terrazzo
Veneto,Verona,Valeggio sul Mincio
Veneto,Verona,Verona
Veneto,Verona,Villafranca di Verona
Veneto,Verona,Zevio
Veneto,Vicenza,Arzignano
Veneto,Vicenza,Bassano del Grappa
Veneto,Vicenza,Brendola
Veneto,Vicenza,Caldogno
Veneto,Vicenza,Camisano Vicentino
Veneto,Vicenza,Cassola
Veneto,Vicenza,Castelgomberto
Veneto,Vicenza,Creazzo
Veneto,Vicenza,Fara Vicentino
Veneto,Vicenza,Gambellara
Veneto,Vicenza,Grisignano di Zocco
Veneto,Vicenza,Isola Vicentina
Veneto,Vicenza,Laghi
Veneto,Vicenza,Lonigo
Veneto,Vicenza,Lugo di Vicenza
Veneto,Vicenza,Montecchio Maggiore
Veneto,Vicenza,Montegaldella
Veneto,Vicenza,Monteviale
Veneto,Vicenza,Monticello Conte Otto
Veneto,Vicenza,Montorso Vicentino
Veneto,Vicenza,Quinto Vicentino
Veneto,Vicenza,Recoaro Terme
Veneto,Vicenza,Rosà
Veneto,Vicenza,Rossano Veneto
Veneto,Vicenza,Sarcedo
Veneto,Vicenza,Schiavon
Veneto,Vicenza,Schio
Veneto,Vicenza,Solagna
Veneto,Vicenza,Sovizzo
Veneto,Vicenza,Thiene
Veneto,Vicenza,Torri di Quartesolo
Veneto,Vicenza,Valdagno
Veneto,Vicenza,Valdastico
Veneto,Vicenza,Vicenza
Veneto,Vicenza,Zermeghedo
Veneto,Vicenza,Zovencedo
