City,Shop Name,Link,Address
Chieti,Chieti,https://www.d-piu.com/punti-vendita-dpiu/d355-chieti/,"Via Pescara, 223 Chieti 66100 CH"
Fallo,,https://www.d-piu.com/punti-vendita-dpiu/d355-chieti/,
Quadri,Vicenza,https://www.d-piu.com/punti-vendita-dpiu/d120-vicenza/,"Via Quadri, 77 Vicenza 36100 VI"
Ripa Teatina,,https://www.d-piu.com/punti-vendita-dpiu/d120-vicenza/,
Elice,Monselice,https://www.d-piu.com/punti-vendita-dpiu/d164-monselice/,"Via Cà Oddo, 34 H Monselice 35043 PD"
Manoppello,,https://www.d-piu.com/punti-vendita-dpiu/d164-monselice/,
Pescara,Pescara,https://www.d-piu.com/punti-vendita-dpiu/d344-pescara/,"Via Caravaggio, 277 Pescara 65125 PE"
Pescara,Chieti,https://www.d-piu.com/punti-vendita-dpiu/d355-chieti/,"Via Pescara, 223 Chieti 66100 CH"
Pescosansonesco,,https://www.d-piu.com/punti-vendita-dpiu/d344-pescara/,
Pescosansonesco,,https://www.d-piu.com/punti-vendita-dpiu/d355-chieti/,
Silvi,Rosate,https://www.d-piu.com/punti-vendita-dpiu/d251-rosate/,"Via Silvio Pellico, 10 Rosate 20088 MI"
Silvi,Stezzano,https://www.d-piu.com/punti-vendita-dpiu/d367-stezzano/,Via Silvio Pellico Stezzano 24040 BG
Teramo,,https://www.d-piu.com/punti-vendita-dpiu/d251-rosate/,
Teramo,,https://www.d-piu.com/punti-vendita-dpiu/d367-stezzano/,
Acri,Vacri,https://www.d-piu.com/punti-vendita-dpiu/g948-vacri/,"Contrada Capocroce, 56 Vacri 66010 CH"
Amantea,,https://www.d-piu.com/punti-vendita-dpiu/g948-vacri/,
Rose,Latisana,https://www.d-piu.com/punti-vendita-dpiu/d016-latisana/,"Via Crosere, 1 Latisana 33053 UD"
Rose,Sermoneta,https://www.d-piu.com/punti-vendita-dpiu/d069-sermoneta/,"Via delle Rose, 1 Sermoneta 04013 LT"
Rovito,,https://www.d-piu.com/punti-vendita-dpiu/d016-latisana/,
Rovito,,https://www.d-piu.com/punti-vendita-dpiu/d069-sermoneta/,
Arena,Genova - Sampierdarena,https://www.d-piu.com/punti-vendita-dpiu/g546-genova-sampierdarena/,"Via Sampierdarena, 162/182 Genova 16121 GE"
Francica,,https://www.d-piu.com/punti-vendita-dpiu/g546-genova-sampierdarena/,
Vallata,Vittorio Veneto,https://www.d-piu.com/punti-vendita-dpiu/d337-vittorio-veneto/,"Via Vallata, 9 Vittorio Veneto 31029 TV"
Volturara Irpina,,https://www.d-piu.com/punti-vendita-dpiu/d337-vittorio-veneto/,
Ponte,Ponte Buggianese,https://www.d-piu.com/punti-vendita-dpiu/d265-ponte-buggianese/,"Via Camporcioni, snc Ponte Buggianese 51019 PT"
Ponte,Ponte Della Venturina,https://www.d-piu.com/punti-vendita-dpiu/g876-ponte-della-venturina/,"Via Nazionale, 153 Ponte Della Venturina 40046 BO"
Reino,,https://www.d-piu.com/punti-vendita-dpiu/d265-ponte-buggianese/,
Reino,,https://www.d-piu.com/punti-vendita-dpiu/g876-ponte-della-venturina/,
Nola,Vignola,https://www.d-piu.com/punti-vendita-dpiu/d211-vignola/,"Via per Spilamberto, 1557 Vignola 41058 MO"
Ottaviano,,https://www.d-piu.com/punti-vendita-dpiu/d211-vignola/,
Campagna,Sommacampagna,https://www.d-piu.com/punti-vendita-dpiu/d135-sommacampagna/,"Via delle Industrie, 31 Sommacampagna 37066 VR"
Cannalonga,,https://www.d-piu.com/punti-vendita-dpiu/d135-sommacampagna/,
Bologna,Bologna - Via Sthendhal,https://www.d-piu.com/punti-vendita-dpiu/d319-bologna-2/,"Via Sthendhal, 37 Bologna 40123 BO"
Bologna,Bologna Via Berti,https://www.d-piu.com/punti-vendita-dpiu/d038-bologna/,"Via Lodovico Berti, 3A - angolo Via Silvani Bologna 40122 BO"
Borgo Tossignano,,https://www.d-piu.com/punti-vendita-dpiu/d319-bologna-2/,
Borgo Tossignano,,https://www.d-piu.com/punti-vendita-dpiu/d038-bologna/,
Budrio,,https://www.d-piu.com/punti-vendita-dpiu/d370-borgo-tossignano/,
Casalecchio di Reno,Casalecchio di Reno,https://www.d-piu.com/punti-vendita-dpiu/d278-casalecchio-di-reno/,"Via Cimabue, 7 Casalecchio di Reno 40033 BO"
Castel d'Aiano,,https://www.d-piu.com/punti-vendita-dpiu/d278-casalecchio-di-reno/,
Imola,Imola,https://www.d-piu.com/punti-vendita-dpiu/d253-imola/,"Via Goito, snc Imola 40026 BO"
Loiano,,https://www.d-piu.com/punti-vendita-dpiu/d253-imola/,
San Pietro in Casale,San Pietro in Casale,https://www.d-piu.com/punti-vendita-dpiu/d281-san-pietro-in-casale/,"Via Galliera nord, 271 San Pietro in Casale 40018 BO"
Sant'Agata Bolognese,,https://www.d-piu.com/punti-vendita-dpiu/d281-san-pietro-in-casale/,
Zola Predosa,Zola Predosa,https://www.d-piu.com/punti-vendita-dpiu/d110-zola-predosa/,"Via Risorgimento, 86 Zola Predosa 40069 BO"
Argenta,,https://www.d-piu.com/punti-vendita-dpiu/d110-zola-predosa/,
Cento,Tarcento,https://www.d-piu.com/punti-vendita-dpiu/d295-tarcento/,"Via Matteotti, 19 Tarcento 33017 UD"
Cento,Cento,https://www.d-piu.com/punti-vendita-dpiu/d330-cento/,"Via Dante Alighieri, 40/B Cento 44042 FE"
Comacchio,,https://www.d-piu.com/punti-vendita-dpiu/d295-tarcento/,
Comacchio,,https://www.d-piu.com/punti-vendita-dpiu/d330-cento/,
Copparo,,https://www.d-piu.com/punti-vendita-dpiu/d073-s-giuseppe-di-comacchio/,
Ferrara,,https://www.d-piu.com/punti-vendita-dpiu/d216-copparo-2/,
Jolanda di Savoia,,https://www.d-piu.com/punti-vendita-dpiu/d397-santagostino-terre-di-reno/,
Poggio Renatico,Poggio Renatico,https://www.d-piu.com/punti-vendita-dpiu/d268-poggio-renatico/,Via XX Settembre Poggio Renatico 44028 FE
Portomaggiore,,https://www.d-piu.com/punti-vendita-dpiu/d268-poggio-renatico/,
Terre del Reno,,https://www.d-piu.com/punti-vendita-dpiu/g075-portomaggiore/,
Cesena,Cesenatico,https://www.d-piu.com/punti-vendita-dpiu/d243-cesenatico/,"Via Negrelli, 24 Cesenatico 47042 FC"
Cesena,Cesena,https://www.d-piu.com/punti-vendita-dpiu/d403-cesena/,"Via Marzolino, 265 Cesena 47521 FC"
Cesena,Cesena - Via Ponente,https://www.d-piu.com/punti-vendita-dpiu/g034-cesena-2/,"Via Emilia Ponente, 981 Cesena 47521 FC"
Cesenatico,,https://www.d-piu.com/punti-vendita-dpiu/d243-cesenatico/,
Cesenatico,,https://www.d-piu.com/punti-vendita-dpiu/d403-cesena/,
Cesenatico,,https://www.d-piu.com/punti-vendita-dpiu/g034-cesena-2/,
Civitella di Romagna,,https://www.d-piu.com/punti-vendita-dpiu/d243-cesenatico/,
Carpi,Carpignano Sesia,https://www.d-piu.com/punti-vendita-dpiu/d067-carpignano-sesia/,"Via Torino, 48 Carpignano Sesia 28064 NO"
Castelfranco Emilia,,https://www.d-piu.com/punti-vendita-dpiu/d067-carpignano-sesia/,
Fanano,,https://www.d-piu.com/punti-vendita-dpiu/d021-castelfranco-emilia/,
Mirandola,Mirandola,https://www.d-piu.com/punti-vendita-dpiu/d034-mirandola/,"Via Enrico Toti, 63 Mirandola 41037 MO"
Modena,,https://www.d-piu.com/punti-vendita-dpiu/d034-mirandola/,
Pavullo nel Frignano,,https://www.d-piu.com/punti-vendita-dpiu/d078-modena/,
Spilamberto,Vignola,https://www.d-piu.com/punti-vendita-dpiu/d211-vignola/,"Via per Spilamberto, 1557 Vignola 41058 MO"
Vignola,,https://www.d-piu.com/punti-vendita-dpiu/d211-vignola/,
Calestano,,https://www.d-piu.com/punti-vendita-dpiu/d211-vignola/,
Felino,Felino,https://www.d-piu.com/punti-vendita-dpiu/d312-felino/,"Strada Capelli 1, Loc. Pataro Felino 43035 PR"
Fidenza,,https://www.d-piu.com/punti-vendita-dpiu/d312-felino/,
Caorso,Caorso,https://www.d-piu.com/punti-vendita-dpiu/d239-caorso/,Via Bussandri Ernesto Caorso 29012 PC
Corte Brugnatella,,https://www.d-piu.com/punti-vendita-dpiu/d239-caorso/,
Piacenza,Lodi,https://www.d-piu.com/punti-vendita-dpiu/d194-lodi/,Viale Piacenza Lodi 26900 LO
Pianello Val Tidone,,https://www.d-piu.com/punti-vendita-dpiu/d194-lodi/,
Castel Bolognese,Castel Bolognese,https://www.d-piu.com/punti-vendita-dpiu/d063-castel-bolognese/,Via Martiri di Felisio n. 53 Castel Bolognese 48014 RA
Cervia,,https://www.d-piu.com/punti-vendita-dpiu/d063-castel-bolognese/,
Faenza,Faenza,https://www.d-piu.com/punti-vendita-dpiu/d238-faenza/,"Via Medaglie d'oro, 86 Faenza 48018 RA"
Lugo,,https://www.d-piu.com/punti-vendita-dpiu/d238-faenza/,
Ravenna,Ravenna - Via Dei Poggi,https://www.d-piu.com/punti-vendita-dpiu/d176-ravenna-2/,"Via Dei Poggi, 58 Ravenna 48100 RA"
Ravenna,Mezzano di Ravenna,https://www.d-piu.com/punti-vendita-dpiu/d282-mezzano-di-ravenna/,"Via Reale, 290 Mezzano di Ravenna 48123 RA"
Russi,,https://www.d-piu.com/punti-vendita-dpiu/d176-ravenna-2/,
Russi,,https://www.d-piu.com/punti-vendita-dpiu/d282-mezzano-di-ravenna/,
Albinea,,https://www.d-piu.com/punti-vendita-dpiu/d388-russi/,
Rimini,Rimini - Via Lando,https://www.d-piu.com/punti-vendita-dpiu/d236-rimini/,"Via Lucio Lando, 47 Rimini 47921 RN"
San Leo,,https://www.d-piu.com/punti-vendita-dpiu/d236-rimini/,
Verucchio,Villa Verucchio,https://www.d-piu.com/punti-vendita-dpiu/d392-villa-verucchio/,Via Statale Marecchia Villa Verucchio 47826 RN
Cormons,,https://www.d-piu.com/punti-vendita-dpiu/d392-villa-verucchio/,
Farra d'Isonzo,,https://www.d-piu.com/punti-vendita-dpiu/d299-cormons/,
Gorizia,Gorizia,https://www.d-piu.com/punti-vendita-dpiu/d075-gorizia/,"Via Montesanto, 96 Gorizia 34170 GO"
Grado,,https://www.d-piu.com/punti-vendita-dpiu/d075-gorizia/,
Monfalcone,Monfalcone,https://www.d-piu.com/punti-vendita-dpiu/d057-monfalcone/,"V.le S. Marco, 82 Monfalcone 34074 GO"
Ronchi dei Legionari,,https://www.d-piu.com/punti-vendita-dpiu/d057-monfalcone/,
San Canzian d'Isonzo,,https://www.d-piu.com/punti-vendita-dpiu/d296-ronchi-dei-legionari/,
Maniago,Maniago,https://www.d-piu.com/punti-vendita-dpiu/d023-maniago/,"Via Fratelli Cairoli, 2 Maniago 33085 PN"
Meduno,,https://www.d-piu.com/punti-vendita-dpiu/d023-maniago/,
Porcia,Porcia,https://www.d-piu.com/punti-vendita-dpiu/d056-porcia/,"Via Vallada, 8 Porcia 33080 PN"
Pordenone,,https://www.d-piu.com/punti-vendita-dpiu/d056-porcia/,
Sacile,Sacile,https://www.d-piu.com/punti-vendita-dpiu/d325-sacile/,Viale Repubblica Sacile 33077 PN
San Giorgio della Richinvelda,,https://www.d-piu.com/punti-vendita-dpiu/d325-sacile/,
Trieste,Portogruaro,https://www.d-piu.com/punti-vendita-dpiu/d077-portogruaro/,"Viale Trieste, 49 Portogruaro 30026 VE"
Trieste,Trieste,https://www.d-piu.com/punti-vendita-dpiu/d080-trieste/,"Via de Bachino Villan, 2 Trieste 34135 TS"
Trieste,Trieste - Via del Destriero,https://www.d-piu.com/punti-vendita-dpiu/d097-trieste-2/,Via Del Destriero Trieste 34137 TS
Amaro,,https://www.d-piu.com/punti-vendita-dpiu/d077-portogruaro/,
Amaro,,https://www.d-piu.com/punti-vendita-dpiu/d080-trieste/,
Amaro,,https://www.d-piu.com/punti-vendita-dpiu/d097-trieste-2/,
Campoformido,Pasian di Prato,https://www.d-piu.com/punti-vendita-dpiu/d079-pasian-di-prato/,"Via Campoformido, 63 Pasian di Prato 33037 UD"
Carlino,,https://www.d-piu.com/punti-vendita-dpiu/d079-pasian-di-prato/,
Cervignano del Friuli,Cervignano del Friuli,https://www.d-piu.com/punti-vendita-dpiu/d074-cervignano-del-friuli/,"Via Venezia, 10 Cervignano del Friuli 33052 UD"
Chiusaforte,,https://www.d-piu.com/punti-vendita-dpiu/d074-cervignano-del-friuli/,
Codroipo,Codroipo,https://www.d-piu.com/punti-vendita-dpiu/d103-codroipo/,"Via XXIX Ottobre, 9 Codroipo 33033 UD"
Faedis,,https://www.d-piu.com/punti-vendita-dpiu/d103-codroipo/,
Latisana,Latisana,https://www.d-piu.com/punti-vendita-dpiu/d016-latisana/,"Via Crosere, 1 Latisana 33053 UD"
Latisana,Latisana - P.zza Mateotti,https://www.d-piu.com/punti-vendita-dpiu/d150-latisana-2/,"P.zza Mateotti, 11 Latisana 33053 UD"
Manzano,,https://www.d-piu.com/punti-vendita-dpiu/d016-latisana/,
Manzano,,https://www.d-piu.com/punti-vendita-dpiu/d150-latisana-2/,
Pasian di Prato,Pasian di Prato,https://www.d-piu.com/punti-vendita-dpiu/d079-pasian-di-prato/,"Via Campoformido, 63 Pasian di Prato 33037 UD"
Pontebba,,https://www.d-piu.com/punti-vendita-dpiu/d079-pasian-di-prato/,
Remanzacco,Remanzacco,https://www.d-piu.com/punti-vendita-dpiu/d302-remanzacco/,"Via Ex S.S.54,53 Remanzacco 33047 UD"
San Pietro al Natisone,,https://www.d-piu.com/punti-vendita-dpiu/d302-remanzacco/,
Udine,Udine,https://www.d-piu.com/punti-vendita-dpiu/d026-udine/,"Via Mantova, 91 Udine 33100 UD"
Udine,Gradisca d'Isonzo,https://www.d-piu.com/punti-vendita-dpiu/d301-gradisca-disonzo/,"Via Udine, 24 Gradisca d'Isonzo 34072 GO"
Alatri,,https://www.d-piu.com/punti-vendita-dpiu/d026-udine/,
Alatri,,https://www.d-piu.com/punti-vendita-dpiu/d301-gradisca-disonzo/,
Veroli,Veroli,https://www.d-piu.com/punti-vendita-dpiu/g032-veroli/,"Via S. Angelo in Villa, 15 Veroli 03029 FR"
Vico nel Lazio,,https://www.d-piu.com/punti-vendita-dpiu/g032-veroli/,
Latina,Borgo Sabotino Latina,https://www.d-piu.com/punti-vendita-dpiu/g902-borgo-sabotino-latina/,"Via G. Bortolotti,3 Borgo Sabotino Latina 04100 LT"
Lenola,,https://www.d-piu.com/punti-vendita-dpiu/g902-borgo-sabotino-latina/,
Sermoneta,Sermoneta,https://www.d-piu.com/punti-vendita-dpiu/d069-sermoneta/,"Via delle Rose, 1 Sermoneta 04013 LT"
Sezze,,https://www.d-piu.com/punti-vendita-dpiu/d069-sermoneta/,
Albano Laziale,Albano Laziale,https://www.d-piu.com/punti-vendita-dpiu/d373/,"Via dei Piani di Monte Savello, 47 Albano Laziale 00041 RM"
Anguillara Sabazia,,https://www.d-piu.com/punti-vendita-dpiu/d373/,
Anzio,Cecina,https://www.d-piu.com/punti-vendita-dpiu/g882-cecina/,"Via Raffaello Sanzio, 53 Cecina 57023 LI"
Ardea,,https://www.d-piu.com/punti-vendita-dpiu/g882-cecina/,
Ariccia,,https://www.d-piu.com/punti-vendita-dpiu/g057-tor-san-lorenzo-ardea/,
Bracciano,,https://www.d-piu.com/punti-vendita-dpiu/d283-ariccia/,
Guidonia Montecelio,Villalba di Guidonia Montecelio,https://www.d-piu.com/punti-vendita-dpiu/g039-villalba-di-guidonia-montecelio/,"Via Tiburtina Valeria, 103 Guidonia Montecelio 00012 RM"
Ladispoli,,https://www.d-piu.com/punti-vendita-dpiu/g039-villalba-di-guidonia-montecelio/,
Marino,San Marino Serravalle,https://www.d-piu.com/punti-vendita-dpiu/g856-san-marino-serravalle/,"Via V febbraio, 191 San Marino Serravalle 47899 RSM"
Mentana,,https://www.d-piu.com/punti-vendita-dpiu/g856-san-marino-serravalle/,
Olevano Romano,Olevano Romano,https://www.d-piu.com/punti-vendita-dpiu/g003-olevano-romano/,"Viale Vittorio Veneto, 131 Roma 00035 RM"
Palestrina,,https://www.d-piu.com/punti-vendita-dpiu/g003-olevano-romano/,
Riano,Soriano nel Cimino,https://www.d-piu.com/punti-vendita-dpiu/d062-soriano-nel-cimino/,"Via Madonna di Loreto, 201, 01038 Soriano Nel Cimino VT"
Riano,Coriano,https://www.d-piu.com/punti-vendita-dpiu/d309-coriano/,"Via Ausa, 118/120 Coriano 47853 RN"
Rocca di Cave,,https://www.d-piu.com/punti-vendita-dpiu/d062-soriano-nel-cimino/,
Rocca di Cave,,https://www.d-piu.com/punti-vendita-dpiu/d309-coriano/,
Roma,Salzano,https://www.d-piu.com/punti-vendita-dpiu/d044-salzano/,"Via Roma, 187 Salzano 30030 VE"
Roma,Cervarese Santa Croce,https://www.d-piu.com/punti-vendita-dpiu/d123-cervarese-santa-croce/,"Via Roma, 320 Cervarese Santa Croce 35030 PD"
Roma,Cattolica,https://www.d-piu.com/punti-vendita-dpiu/d237-cattolica/,Via E.Romagna Cattolica 47841 RN
Roma,Castellamonte,https://www.d-piu.com/punti-vendita-dpiu/d246-castellamonte/,Piazza Generale Romano Castellamonte 10081 TO
Roma,Roma,https://www.d-piu.com/punti-vendita-dpiu/d277-roma/,"Via di Selva Candida, 4 Selva Candida 00166 RM"
Roma,,https://www.d-piu.com/punti-vendita-dpiu/d340-roma-via-boccea/,
Roma,,https://www.d-piu.com/punti-vendita-dpiu/g003-olevano-romano/,
Roma,,https://www.d-piu.com/punti-vendita-dpiu/g030-roma-gasparri/,
Roma,,https://www.d-piu.com/punti-vendita-dpiu/g052-roma-frascineto/,
Roma,,https://www.d-piu.com/punti-vendita-dpiu/g053-roma-via-della-pisana/,
Roma,,https://www.d-piu.com/punti-vendita-dpiu/g063-roma-cefalonia/,
Roma,,https://www.d-piu.com/punti-vendita-dpiu/g064-roma-prenestina/,
Roma,,https://www.d-piu.com/punti-vendita-dpiu/g794-romanengo/,
San Cesareo,,https://www.d-piu.com/punti-vendita-dpiu/d044-salzano/,
San Cesareo,,https://www.d-piu.com/punti-vendita-dpiu/d123-cervarese-santa-croce/,
San Cesareo,,https://www.d-piu.com/punti-vendita-dpiu/d237-cattolica/,
San Cesareo,,https://www.d-piu.com/punti-vendita-dpiu/d246-castellamonte/,
San Cesareo,,https://www.d-piu.com/punti-vendita-dpiu/d277-roma/,
San Cesareo,,https://www.d-piu.com/punti-vendita-dpiu/d340-roma-via-boccea/,
San Cesareo,,https://www.d-piu.com/punti-vendita-dpiu/g003-olevano-romano/,
San Cesareo,,https://www.d-piu.com/punti-vendita-dpiu/g030-roma-gasparri/,
San Cesareo,,https://www.d-piu.com/punti-vendita-dpiu/g052-roma-frascineto/,
San Cesareo,,https://www.d-piu.com/punti-vendita-dpiu/g053-roma-via-della-pisana/,
San Cesareo,,https://www.d-piu.com/punti-vendita-dpiu/g063-roma-cefalonia/,
San Cesareo,,https://www.d-piu.com/punti-vendita-dpiu/g064-roma-prenestina/,
San Cesareo,,https://www.d-piu.com/punti-vendita-dpiu/g794-romanengo/,
Acquapendente,Acquapendente,https://www.d-piu.com/punti-vendita-dpiu/g968-acquapendente/,"Via Cassia, 91/A Acquapendente 01021 VT"
Bagnoregio,,https://www.d-piu.com/punti-vendita-dpiu/g968-acquapendente/,
Canepina,Canepina,https://www.d-piu.com/punti-vendita-dpiu/g992-canepina/,"Via Vallerano, 39 Canepina 01030 VT"
Canino,,https://www.d-piu.com/punti-vendita-dpiu/g992-canepina/,
Capodimonte,,https://www.d-piu.com/punti-vendita-dpiu/g877-canino/,
Nepi,Canepina,https://www.d-piu.com/punti-vendita-dpiu/g992-canepina/,"Via Vallerano, 39 Canepina 01030 VT"
Oriolo Romano,,https://www.d-piu.com/punti-vendita-dpiu/g992-canepina/,
Vallerano,Canepina,https://www.d-piu.com/punti-vendita-dpiu/g992-canepina/,"Via Vallerano, 39 Canepina 01030 VT"
Vetralla,,https://www.d-piu.com/punti-vendita-dpiu/g992-canepina/,
Arenzano,Arenzano,https://www.d-piu.com/punti-vendita-dpiu/g668-arenzano/,"Via Rue, 25 Arenzano 16011 GE"
Bargagli,,https://www.d-piu.com/punti-vendita-dpiu/g668-arenzano/,
Genova,Genova - Moconesi-Gattorna,https://www.d-piu.com/punti-vendita-dpiu/d190-genova-moconesi-gattorna/,Piazza dei Pescatori Genova 16047 GE
Genova,Genova - Via L. B. Dalmazia,https://www.d-piu.com/punti-vendita-dpiu/g005-genova-via-l-b-dalmazia/,"Via Lungo Bisagno Dalmazia, 19 R Genova 16141 GE"
Genova,Genova - Busalla,https://www.d-piu.com/punti-vendita-dpiu/g010-genova-busalla/,"Piazza Borzino Emilio, 8 Busalla 16012 GE"
Genova,Genova - Via Borgoratti,https://www.d-piu.com/punti-vendita-dpiu/g508-genova-via-borgoratti/,"Via Borgoratti, 23 Genova 16132 GE"
Genova,Genova - Sampierdarena,https://www.d-piu.com/punti-vendita-dpiu/g546-genova-sampierdarena/,"Via Sampierdarena, 162/182 Genova 16121 GE"
Genova,,https://www.d-piu.com/punti-vendita-dpiu/g552-genova-murtola/,
Genova,,https://www.d-piu.com/punti-vendita-dpiu/g607-genova-via-borzoli/,
Isola del Cantone,,https://www.d-piu.com/punti-vendita-dpiu/d190-genova-moconesi-gattorna/,
Isola del Cantone,,https://www.d-piu.com/punti-vendita-dpiu/g005-genova-via-l-b-dalmazia/,
Isola del Cantone,,https://www.d-piu.com/punti-vendita-dpiu/g010-genova-busalla/,
Isola del Cantone,,https://www.d-piu.com/punti-vendita-dpiu/g508-genova-via-borgoratti/,
Isola del Cantone,,https://www.d-piu.com/punti-vendita-dpiu/g546-genova-sampierdarena/,
Isola del Cantone,,https://www.d-piu.com/punti-vendita-dpiu/g552-genova-murtola/,
Isola del Cantone,,https://www.d-piu.com/punti-vendita-dpiu/g607-genova-via-borzoli/,
Ne,Udine,https://www.d-piu.com/punti-vendita-dpiu/d026-udine/,"Via Mantova, 91 Udine 33100 UD"
Ne,Pavone Canavese,https://www.d-piu.com/punti-vendita-dpiu/d033-pavone-canavese/,"Via Torino, 32 Pavone Canavese 10018 TO"
Ne,Castelfranco Veneto,https://www.d-piu.com/punti-vendita-dpiu/d039-castelfranco-veneto/,"Via Borgo Treviso, 138 Castelfranco Veneto 31033 TV"
Ne,Mestre,https://www.d-piu.com/punti-vendita-dpiu/d041-mestre/,"Via Miranese, 86 Mestre 30170 VE"
Ne,Valdilana,https://www.d-piu.com/punti-vendita-dpiu/d047-valdilana/,"Via Provinciale, 52 Ponzone 13835 BI"
Ne,,https://www.d-piu.com/punti-vendita-dpiu/d057-monfalcone/,
Ne,,https://www.d-piu.com/punti-vendita-dpiu/d062-soriano-nel-cimino/,
Ne,,https://www.d-piu.com/punti-vendita-dpiu/d063-castel-bolognese/,
Ne,,https://www.d-piu.com/punti-vendita-dpiu/d064-lumezzane/,
Ne,,https://www.d-piu.com/punti-vendita-dpiu/d069-sermoneta/,
Ne,,https://www.d-piu.com/punti-vendita-dpiu/d074-cervignano-del-friuli/,
Ne,,https://www.d-piu.com/punti-vendita-dpiu/d087-gussago/,
Ne,,https://www.d-piu.com/punti-vendita-dpiu/d089-carru/,
Ne,,https://www.d-piu.com/punti-vendita-dpiu/d101-brugine/,
Ne,,https://www.d-piu.com/punti-vendita-dpiu/d130-vergiate/,
Ne,,https://www.d-piu.com/punti-vendita-dpiu/d190-genova-moconesi-gattorna/,
Ne,,https://www.d-piu.com/punti-vendita-dpiu/d199-figline-valdarno/,
Ne,,https://www.d-piu.com/punti-vendita-dpiu/d213-cesano-boscone/,
Ne,,https://www.d-piu.com/punti-vendita-dpiu/d218-gottolengo/,
Ne,,https://www.d-piu.com/punti-vendita-dpiu/d233-verona-b-go-venezia/,
Ne,,https://www.d-piu.com/punti-vendita-dpiu/d239-caorso/,
Ne,,https://www.d-piu.com/punti-vendita-dpiu/d242-gardone-val-trompia/,
Ne,,https://www.d-piu.com/punti-vendita-dpiu/d243-cesenatico/,
Ne,,https://www.d-piu.com/punti-vendita-dpiu/d246-castellamonte/,
Ne,,https://www.d-piu.com/punti-vendita-dpiu/d250-terni/,
Ne,,https://www.d-piu.com/punti-vendita-dpiu/d265-ponte-buggianese/,
Ne,,https://www.d-piu.com/punti-vendita-dpiu/d276-torino/,
Ne,,https://www.d-piu.com/punti-vendita-dpiu/d293-san-martino-di-venezze/,
Ne,,https://www.d-piu.com/punti-vendita-dpiu/d301-gradisca-disonzo/,
Ne,,https://www.d-piu.com/punti-vendita-dpiu/d304-serra-de-conti/,
Neirone,,https://www.d-piu.com/punti-vendita-dpiu/d026-udine/,
Neirone,,https://www.d-piu.com/punti-vendita-dpiu/d033-pavone-canavese/,
Neirone,,https://www.d-piu.com/punti-vendita-dpiu/d039-castelfranco-veneto/,
Neirone,,https://www.d-piu.com/punti-vendita-dpiu/d041-mestre/,
Neirone,,https://www.d-piu.com/punti-vendita-dpiu/d047-valdilana/,
Neirone,,https://www.d-piu.com/punti-vendita-dpiu/d057-monfalcone/,
Neirone,,https://www.d-piu.com/punti-vendita-dpiu/d062-soriano-nel-cimino/,
Neirone,,https://www.d-piu.com/punti-vendita-dpiu/d063-castel-bolognese/,
Neirone,,https://www.d-piu.com/punti-vendita-dpiu/d064-lumezzane/,
Neirone,,https://www.d-piu.com/punti-vendita-dpiu/d069-sermoneta/,
Neirone,,https://www.d-piu.com/punti-vendita-dpiu/d074-cervignano-del-friuli/,
Neirone,,https://www.d-piu.com/punti-vendita-dpiu/d087-gussago/,
Neirone,,https://www.d-piu.com/punti-vendita-dpiu/d089-carru/,
Neirone,,https://www.d-piu.com/punti-vendita-dpiu/d101-brugine/,
Neirone,,https://www.d-piu.com/punti-vendita-dpiu/d130-vergiate/,
Sori,Soriano nel Cimino,https://www.d-piu.com/punti-vendita-dpiu/d062-soriano-nel-cimino/,"Via Madonna di Loreto, 201, 01038 Soriano Nel Cimino VT"
Vobbia,,https://www.d-piu.com/punti-vendita-dpiu/d062-soriano-nel-cimino/,
Sarzana,Sarzana,https://www.d-piu.com/punti-vendita-dpiu/d241-sarzana/,"Via Variante Aurelia, 40 Sarzana 19038 SP"
Sesta Godano,,https://www.d-piu.com/punti-vendita-dpiu/d241-sarzana/,
Noli,Capannoli,https://www.d-piu.com/punti-vendita-dpiu/d042-capannoli/,"Via Baciocchi, 25, 56033 Capannoli PI"
Onzo,,https://www.d-piu.com/punti-vendita-dpiu/d042-capannoli/,
Pietra Ligure,,https://www.d-piu.com/punti-vendita-dpiu/d047-valdilana/,
Pietra Ligure,,https://www.d-piu.com/punti-vendita-dpiu/d299-cormons/,
Pietra Ligure,,https://www.d-piu.com/punti-vendita-dpiu/d300-savogna-disonzo/,
Pietra Ligure,,https://www.d-piu.com/punti-vendita-dpiu/d301-gradisca-disonzo/,
Bergamo,Bergamo,https://www.d-piu.com/punti-vendita-dpiu/d125-bergamo/,Via Serassi 5/11 Bergamo 24100 BG
Bianzano,,https://www.d-piu.com/punti-vendita-dpiu/d125-bergamo/,
Caravaggio,Pescara,https://www.d-piu.com/punti-vendita-dpiu/d344-pescara/,"Via Caravaggio, 277 Pescara 65125 PE"
Casirate d'Adda,,https://www.d-piu.com/punti-vendita-dpiu/d344-pescara/,
Costa Volpino,Costa Volpino,https://www.d-piu.com/punti-vendita-dpiu/d188-costa-volpino/,"Via Cesare Battisti, 55 Costa Volpino 24062 BG"
Covo,,https://www.d-piu.com/punti-vendita-dpiu/d188-costa-volpino/,
Endine Gaiano,Endine Gaiano,https://www.d-piu.com/punti-vendita-dpiu/d352-endine-gaiano/,"Strada Statale 42, 268 Sovere 24060 BG"
Fara Gera d'Adda,,https://www.d-piu.com/punti-vendita-dpiu/d352-endine-gaiano/,
Oneta,Sermoneta,https://www.d-piu.com/punti-vendita-dpiu/d069-sermoneta/,"Via delle Rose, 1 Sermoneta 04013 LT"
Parre,,https://www.d-piu.com/punti-vendita-dpiu/d069-sermoneta/,
Stezzano,Stezzano,https://www.d-piu.com/punti-vendita-dpiu/d367-stezzano/,Via Silvio Pellico Stezzano 24040 BG
Suisio,,https://www.d-piu.com/punti-vendita-dpiu/d367-stezzano/,
Casto,Verona - b.go Venezia,https://www.d-piu.com/punti-vendita-dpiu/d233-verona-b-go-venezia/,"Via Fracastoro, 25 Verona 37131 VR"
Cazzago San Martino,,https://www.d-piu.com/punti-vendita-dpiu/d233-verona-b-go-venezia/,
Chiari,Chiari,https://www.d-piu.com/punti-vendita-dpiu/d257-chiari/,"Via Consorzio, 19 Chiari 25032"
Cigole,,https://www.d-piu.com/punti-vendita-dpiu/d257-chiari/,
Desenzano del Garda,Desenzano del Garda,https://www.d-piu.com/punti-vendita-dpiu/d189-desenzano-del-garda/,"Via Padre Bevilacqua, 3 Desenzano del Garda 25015 BS"
Edolo,,https://www.d-piu.com/punti-vendita-dpiu/d189-desenzano-del-garda/,
Lumezzane,Lumezzane,https://www.d-piu.com/punti-vendita-dpiu/d064-lumezzane/,"Via Ragazzi del 99, 53/D Lumezzane 25065 BS"
Malegno,,https://www.d-piu.com/punti-vendita-dpiu/d064-lumezzane/,
Pontoglio,Pontoglio,https://www.d-piu.com/punti-vendita-dpiu/g977-pontoglio/,"Via Cividate, 2 Pontoglio 25037 BS"
Rovato,,https://www.d-piu.com/punti-vendita-dpiu/g977-pontoglio/,
Torbole Casaglia,Torbole Casaglia,https://www.d-piu.com/punti-vendita-dpiu/d088-torbole-casaglia/,"P.zza Repubblica, 25/28 Torbole Casaglia 25030 BS"
Travagliato,,https://www.d-piu.com/punti-vendita-dpiu/d088-torbole-casaglia/,
Asso,Cassolnovo,https://www.d-piu.com/punti-vendita-dpiu/d240-cassolnovo/,Via IV Novembre Cassolnovo 27023 PV
Asso,Torino - Via Passo Buole,https://www.d-piu.com/punti-vendita-dpiu/d285-torino-2/,"Via Passo Buole, 170 Torino 10135 TO"
Asso,Salara,https://www.d-piu.com/punti-vendita-dpiu/g026-salara/,"Via Torquato Tasso, 42 Salara 45030 RO"
Asso,Jesolo - Via Anasso,https://www.d-piu.com/punti-vendita-dpiu/g863-jesolo-2/,"Via Anasso,3 Jesolo 30016 VE"
Asso,Ala,https://www.d-piu.com/punti-vendita-dpiu/p144-ala/,"Passo Buole, 1 Ala 38061 TN"
Blessagno,,https://www.d-piu.com/punti-vendita-dpiu/d240-cassolnovo/,
Blessagno,,https://www.d-piu.com/punti-vendita-dpiu/d285-torino-2/,
Blessagno,,https://www.d-piu.com/punti-vendita-dpiu/g026-salara/,
Blessagno,,https://www.d-piu.com/punti-vendita-dpiu/g863-jesolo-2/,
Blessagno,,https://www.d-piu.com/punti-vendita-dpiu/p144-ala/,
Erba,Lurago D'Erba,https://www.d-piu.com/punti-vendita-dpiu/d206-lurago-derba/,"Via Vallassina, 13/a Lurago D'Erba 22040 CO"
Eupilio,,https://www.d-piu.com/punti-vendita-dpiu/d206-lurago-derba/,
Lurago d'Erba,Lurago D'Erba,https://www.d-piu.com/punti-vendita-dpiu/d206-lurago-derba/,"Via Vallassina, 13/a Lurago D'Erba 22040 CO"
Mariano Comense,,https://www.d-piu.com/punti-vendita-dpiu/d206-lurago-derba/,
Porlezza,Porlezza,https://www.d-piu.com/punti-vendita-dpiu/g908-porlezza/,"Via Ferrovia,10 Porlezza 22018 CO"
Rodero,,https://www.d-piu.com/punti-vendita-dpiu/g908-porlezza/,
Soncino,Soncino,https://www.d-piu.com/punti-vendita-dpiu/g826-soncino/,"Via Milano, 24 Soncino 26029 CR"
Spineda,,https://www.d-piu.com/punti-vendita-dpiu/g826-soncino/,
Calco,Castelfranco Emilia,https://www.d-piu.com/punti-vendita-dpiu/d021-castelfranco-emilia/,"Via Del Maniscalco, 30 Castelfranco Emilia 41013 MO"
Casatenovo,,https://www.d-piu.com/punti-vendita-dpiu/d021-castelfranco-emilia/,
Lodi,Lodi,https://www.d-piu.com/punti-vendita-dpiu/d194-lodi/,Viale Piacenza Lodi 26900 LO
Lodi,Albuzzano,https://www.d-piu.com/punti-vendita-dpiu/d371-albuzzano/,"Via Lodi, 1 Albuzzano 27010 PV"
Lodi Vecchio,,https://www.d-piu.com/punti-vendita-dpiu/d194-lodi/,
Lodi Vecchio,,https://www.d-piu.com/punti-vendita-dpiu/d371-albuzzano/,
Mantova,Udine,https://www.d-piu.com/punti-vendita-dpiu/d026-udine/,"Via Mantova, 91 Udine 33100 UD"
Mantova,Volta Mantovana,https://www.d-piu.com/punti-vendita-dpiu/d132-volta-mantovana/,"Via F. Gonzanga, 73 Volta Mantovana 46049 MN"
Marcaria,,https://www.d-piu.com/punti-vendita-dpiu/d026-udine/,
Marcaria,,https://www.d-piu.com/punti-vendita-dpiu/d132-volta-mantovana/,
Volta Mantovana,Volta Mantovana,https://www.d-piu.com/punti-vendita-dpiu/d132-volta-mantovana/,"Via F. Gonzanga, 73 Volta Mantovana 46049 MN"
Abbiategrasso,,https://www.d-piu.com/punti-vendita-dpiu/d132-volta-mantovana/,
Arese,Cervarese Santa Croce,https://www.d-piu.com/punti-vendita-dpiu/d123-cervarese-santa-croce/,"Via Roma, 320 Cervarese Santa Croce 35030 PD"
Arese,Vicopisano,https://www.d-piu.com/punti-vendita-dpiu/vicopisano/,"Via Provinciale Vicarese, 189, 56010 Vicopisano PI"
Arese,Varese,https://www.d-piu.com/punti-vendita-dpiu/g875-varese/,"viale Valganna, 85 Varese 21039 VA"
Assago,,https://www.d-piu.com/punti-vendita-dpiu/d123-cervarese-santa-croce/,
Assago,,https://www.d-piu.com/punti-vendita-dpiu/vicopisano/,
Assago,,https://www.d-piu.com/punti-vendita-dpiu/g875-varese/,
Cesano Boscone,Cesano Boscone,https://www.d-piu.com/punti-vendita-dpiu/d213-cesano-boscone/,"Via delle Acacie, 12 Cesano Boscone 20090 MI"
Cesate,,https://www.d-piu.com/punti-vendita-dpiu/d213-cesano-boscone/,
Magenta,Busto Arsizio,https://www.d-piu.com/punti-vendita-dpiu/d261-busto-arsizio/,"Via Magenta, 78 Busto Arsizio 21052 VA"
Mediglia,,https://www.d-piu.com/punti-vendita-dpiu/d261-busto-arsizio/,
Milano,Arona,https://www.d-piu.com/punti-vendita-dpiu/d143-arona/,"Via Milano, 160 Arona 28041 NO"
Milano,Vaprio d'Adda,https://www.d-piu.com/punti-vendita-dpiu/d412-vaprio-dadda/,Via Guglielmo Marconi 64 Milano 20069 MI
Milano,Soncino,https://www.d-piu.com/punti-vendita-dpiu/g826-soncino/,"Via Milano, 24 Soncino 26029 CR"
Milano,Villaverla,https://www.d-piu.com/punti-vendita-dpiu/g924-villaverla/,"Via Milano, 7/9 Villaverla 36030 VI"
Novate Milanese,,https://www.d-piu.com/punti-vendita-dpiu/d143-arona/,
Novate Milanese,,https://www.d-piu.com/punti-vendita-dpiu/d412-vaprio-dadda/,
Novate Milanese,,https://www.d-piu.com/punti-vendita-dpiu/g826-soncino/,
Novate Milanese,,https://www.d-piu.com/punti-vendita-dpiu/g924-villaverla/,
Pantigliate,Pantigliate,https://www.d-piu.com/punti-vendita-dpiu/d167-pantigliate/,"Via Risorgimento, 31 Pantigliate 20090 MI"
Parabiago,,https://www.d-piu.com/punti-vendita-dpiu/d167-pantigliate/,
Senago,Senago,https://www.d-piu.com/punti-vendita-dpiu/g072-senago/,"Via Benedetto Croce, 3 Senago 20030 MI"
Sesto San Giovanni,,https://www.d-piu.com/punti-vendita-dpiu/g072-senago/,
Trezzo sull'Adda,Trezzo sull'Adda,https://www.d-piu.com/punti-vendita-dpiu/d198-trezzo-sulladda/,"Via mazzini, 70 Trezzo sull'Adda 20056 MI"
Vaprio d'Adda,,https://www.d-piu.com/punti-vendita-dpiu/d198-trezzo-sulladda/,
Vignate,,https://www.d-piu.com/punti-vendita-dpiu/d412-vaprio-dadda/,
Vimodrone,,https://www.d-piu.com/punti-vendita-dpiu/d342-vignate/,
Albiate,Albiate,https://www.d-piu.com/punti-vendita-dpiu/g911-albiate/,"Via John Fitzgerald Kennedy, 2 Albiate 20847 MB"
Arcore,,https://www.d-piu.com/punti-vendita-dpiu/g911-albiate/,
Bernareggio,,https://www.d-piu.com/punti-vendita-dpiu/d324-arcore/,
Brugherio,Brugherio,https://www.d-piu.com/punti-vendita-dpiu/d142-brugherio/,"Viale Europa, 28 Brugherio 20047 MI"
Carate Brianza,,https://www.d-piu.com/punti-vendita-dpiu/d142-brugherio/,
Desio,Desio,https://www.d-piu.com/punti-vendita-dpiu/d290-desio/,"Via Karl Marx, 10 Desio 20832 MB"
Desio,Desio,https://www.d-piu.com/punti-vendita-dpiu/d318-desio/,"Via per Seregno, 30 Desio 20832 MB"
Giussano,,https://www.d-piu.com/punti-vendita-dpiu/d290-desio/,
Giussano,,https://www.d-piu.com/punti-vendita-dpiu/d318-desio/,
Limbiate,,https://www.d-piu.com/punti-vendita-dpiu/g586-jesolo/,
Meda,Faenza,https://www.d-piu.com/punti-vendita-dpiu/d238-faenza/,"Via Medaglie d'oro, 86 Faenza 48018 RA"
Monza,,https://www.d-piu.com/punti-vendita-dpiu/d238-faenza/,
Seregno,Desio,https://www.d-piu.com/punti-vendita-dpiu/d318-desio/,"Via per Seregno, 30 Desio 20832 MB"
Seveso,,https://www.d-piu.com/punti-vendita-dpiu/d318-desio/,
Mede,Vercelli,https://www.d-piu.com/punti-vendita-dpiu/d100-vercelli/,"Corso Amedeo Avogadro di Qaregna, 1 Vercelli 13100 VC"
Mede,Mede,https://www.d-piu.com/punti-vendita-dpiu/d156-mede/,"Via F.lli Cairoli, 23/35 Mede 27035 PV"
Miradolo Terme,,https://www.d-piu.com/punti-vendita-dpiu/d100-vercelli/,
Miradolo Terme,,https://www.d-piu.com/punti-vendita-dpiu/d156-mede/,
Busto Arsizio,Busto Arsizio,https://www.d-piu.com/punti-vendita-dpiu/d261-busto-arsizio/,"Via Magenta, 78 Busto Arsizio 21052 VA"
Carnago,,https://www.d-piu.com/punti-vendita-dpiu/d261-busto-arsizio/,
Orino,Pavone Canavese,https://www.d-piu.com/punti-vendita-dpiu/d033-pavone-canavese/,"Via Torino, 32 Pavone Canavese 10018 TO"
Orino,Carpignano Sesia,https://www.d-piu.com/punti-vendita-dpiu/d067-carpignano-sesia/,"Via Torino, 48 Carpignano Sesia 28064 NO"
Orino,Casteggio,https://www.d-piu.com/punti-vendita-dpiu/d219-casteggio/,"Via Torino, n. 123/A Casteggio 27045 PV"
Orino,Torino - Via Negarville,https://www.d-piu.com/punti-vendita-dpiu/d276-torino/,Via Negarville Torino 10135 TO
Orino,Torino - Via Passo Buole,https://www.d-piu.com/punti-vendita-dpiu/d285-torino-2/,"Via Passo Buole, 170 Torino 10135 TO"
Saronno,,https://www.d-piu.com/punti-vendita-dpiu/d033-pavone-canavese/,
Saronno,,https://www.d-piu.com/punti-vendita-dpiu/d067-carpignano-sesia/,
Saronno,,https://www.d-piu.com/punti-vendita-dpiu/d219-casteggio/,
Saronno,,https://www.d-piu.com/punti-vendita-dpiu/d276-torino/,
Saronno,,https://www.d-piu.com/punti-vendita-dpiu/d285-torino-2/,
Uboldo,Uboldo,https://www.d-piu.com/punti-vendita-dpiu/d269-uboldo/,Via IV Novembre Uboldo 21040 VA
Varese,,https://www.d-piu.com/punti-vendita-dpiu/d269-uboldo/,
Vizzola Ticino,,https://www.d-piu.com/punti-vendita-dpiu/d123-cervarese-santa-croce/,
Vizzola Ticino,,https://www.d-piu.com/punti-vendita-dpiu/g875-varese/,
Castelfidardo,Castelfidardo,https://www.d-piu.com/punti-vendita-dpiu/d404-castelfidardo/,"Via Damiano Chiesa, 24 Castelfidardo 60022 AN"
Castelplanio,,https://www.d-piu.com/punti-vendita-dpiu/d404-castelfidardo/,
Loreto,Soriano nel Cimino,https://www.d-piu.com/punti-vendita-dpiu/d062-soriano-nel-cimino/,"Via Madonna di Loreto, 201, 01038 Soriano Nel Cimino VT"
Monte San Vito,,https://www.d-piu.com/punti-vendita-dpiu/d062-soriano-nel-cimino/,
Fano,Fano,https://www.d-piu.com/punti-vendita-dpiu/d317-fano/,"Via Galileo Galilei, 26 Fano 61032 PU"
Fratte Rosa,,https://www.d-piu.com/punti-vendita-dpiu/d317-fano/,
Pesaro,Pesaro,https://www.d-piu.com/punti-vendita-dpiu/d263-pesaro/,"Str. della Fabreccia, 1 Pesaro 61122 PU"
Piandimeleto,,https://www.d-piu.com/punti-vendita-dpiu/d263-pesaro/,
Novi Ligure,Novi Ligure,https://www.d-piu.com/punti-vendita-dpiu/g069-novi-ligure/,"Via Pinan Cichero, 1 Novi Ligure 15067 AL"
Olivola,,https://www.d-piu.com/punti-vendita-dpiu/g069-novi-ligure/,
Asti,Montegrosso d'Asti,https://www.d-piu.com/punti-vendita-dpiu/d389-montegrosso-dasti/,"Asti Mare, 55 Montegrosso d'Asti 14048 AT"
Asti,Asti,https://www.d-piu.com/punti-vendita-dpiu/d406-asti/,"Corso Dante Alighieri, 297 Asti 14100 AT"
Asti,Castiglione in Teverina,https://www.d-piu.com/punti-vendita-dpiu/g011-castiglione-in-teverina/,"Via della Pace - Via Orvietana, 4/C Castiglione in Teverina 02014 VT"
Asti,Villanova d'Asti,https://www.d-piu.com/punti-vendita-dpiu/g058-villanova-d-asti/,"Strada Zabert, 32 Villanova d'Asti 14019 AT"
Asti,Castiglione Della Pescaia,https://www.d-piu.com/punti-vendita-dpiu/g943-castiglione-della-pescaia/,"Via Castiglionese S.P. del Padule, 3 Castiglione Della Pescaia 58043 GR"
Azzano d'Asti,,https://www.d-piu.com/punti-vendita-dpiu/d389-montegrosso-dasti/,
Azzano d'Asti,,https://www.d-piu.com/punti-vendita-dpiu/d406-asti/,
Azzano d'Asti,,https://www.d-piu.com/punti-vendita-dpiu/g011-castiglione-in-teverina/,
Azzano d'Asti,,https://www.d-piu.com/punti-vendita-dpiu/g058-villanova-d-asti/,
Azzano d'Asti,,https://www.d-piu.com/punti-vendita-dpiu/g943-castiglione-della-pescaia/,
Villanova d'Asti,Villanova d'Asti,https://www.d-piu.com/punti-vendita-dpiu/g058-villanova-d-asti/,"Strada Zabert, 32 Villanova d'Asti 14019 AT"
Andorno Micca,,https://www.d-piu.com/punti-vendita-dpiu/g058-villanova-d-asti/,
Alba,Quarrata,https://www.d-piu.com/punti-vendita-dpiu/d061-quarrata/,"Via Montalbano, 404, 51039 Vignole PT"
Alba,Albano Laziale,https://www.d-piu.com/punti-vendita-dpiu/d373/,"Via dei Piani di Monte Savello, 47 Albano Laziale 00041 RM"
Alba,Villalba di Guidonia Montecelio,https://www.d-piu.com/punti-vendita-dpiu/g039-villalba-di-guidonia-montecelio/,"Via Tiburtina Valeria, 103 Guidonia Montecelio 00012 RM"
Argentera,,https://www.d-piu.com/punti-vendita-dpiu/d061-quarrata/,
Argentera,,https://www.d-piu.com/punti-vendita-dpiu/d373/,
Argentera,,https://www.d-piu.com/punti-vendita-dpiu/g039-villalba-di-guidonia-montecelio/,
Bra,Verona - zona fiera,https://www.d-piu.com/punti-vendita-dpiu/d029-verona-zona-fiera/,"Via Murari Bra, 49 Verona 37136 VR"
Bra,San Giustino,https://www.d-piu.com/punti-vendita-dpiu/d390-san-giustino/,Via Umbra snc San Giustino 06016 PG
Bra,Rossano Veneto,https://www.d-piu.com/punti-vendita-dpiu/g706-rossano-veneto/,"Via 11 febbraio, 5 Rossano Veneto 36028 VI"
Bra,San Marino Serravalle,https://www.d-piu.com/punti-vendita-dpiu/g856-san-marino-serravalle/,"Via V febbraio, 191 San Marino Serravalle 47899 RSM"
Busca,,https://www.d-piu.com/punti-vendita-dpiu/d029-verona-zona-fiera/,
Busca,,https://www.d-piu.com/punti-vendita-dpiu/d390-san-giustino/,
Busca,,https://www.d-piu.com/punti-vendita-dpiu/g706-rossano-veneto/,
Busca,,https://www.d-piu.com/punti-vendita-dpiu/g856-san-marino-serravalle/,
Cherasco,Cherasco,https://www.d-piu.com/punti-vendita-dpiu/d249-cherasco/,"Via Einaudi, snc Cherasco 12062 CN"
Chiusa di Pesio,,https://www.d-piu.com/punti-vendita-dpiu/d249-cherasco/,
Mondovì,Mondovì,https://www.d-piu.com/punti-vendita-dpiu/d225-mondovi/,"Via delle Langhe, 54 Mondovì 12084 CN"
Mondovì,Villanova Mondovì,https://www.d-piu.com/punti-vendita-dpiu/d401-villanova-mondovi/,Via Roccaforte Villanova Mondovì 12089 CN
Monesiglio,,https://www.d-piu.com/punti-vendita-dpiu/d225-mondovi/,
Monesiglio,,https://www.d-piu.com/punti-vendita-dpiu/d401-villanova-mondovi/,
Peveragno,Boves,https://www.d-piu.com/punti-vendita-dpiu/d181-boves/,"Via Peveragno, 105 Boves 12012 CN"
Pradleves,,https://www.d-piu.com/punti-vendita-dpiu/d181-boves/,
Momo,Oleggio,https://www.d-piu.com/punti-vendita-dpiu/d153-oleggio/,"Via Momo, 120 Oleggio 28047 NO"
Nibbiola,,https://www.d-piu.com/punti-vendita-dpiu/d153-oleggio/,
Agliè,Faenza,https://www.d-piu.com/punti-vendita-dpiu/d238-faenza/,"Via Medaglie d'oro, 86 Faenza 48018 RA"
Avigliana,,https://www.d-piu.com/punti-vendita-dpiu/d238-faenza/,
Castellamonte,Castellamonte,https://www.d-piu.com/punti-vendita-dpiu/d246-castellamonte/,Piazza Generale Romano Castellamonte 10081 TO
Cavagnolo,,https://www.d-piu.com/punti-vendita-dpiu/d246-castellamonte/,
Druento,Druento,https://www.d-piu.com/punti-vendita-dpiu/g890-druento/,"Via Verdi, 15 Druento 10040 TO"
Exilles,,https://www.d-piu.com/punti-vendita-dpiu/g890-druento/,
Grugliasco,Grugliasco,https://www.d-piu.com/punti-vendita-dpiu/d154-grugliasco/,"Strada del Barocchio, 81 Grugliasco 10095 TO"
Grugliasco,Grugliasco,https://www.d-piu.com/punti-vendita-dpiu/d375-grugliasco/,"Via La Salle, 135 Grugliasco 10095 TO"
Isolabella,,https://www.d-piu.com/punti-vendita-dpiu/d154-grugliasco/,
Isolabella,,https://www.d-piu.com/punti-vendita-dpiu/d375-grugliasco/,
Moncalieri,Moncalieri,https://www.d-piu.com/punti-vendita-dpiu/d358-moncalieri/,Via Bruno Buozzi Moncalieri 10024 TO
Montaldo Torinese,,https://www.d-piu.com/punti-vendita-dpiu/d358-moncalieri/,
Pinasca,Inverso di Pinasca,https://www.d-piu.com/punti-vendita-dpiu/d214-inverso-di-pinasca/,"Via Provinciale, 205 Inverso di Pinasca 10060 TO"
Pinerolo,,https://www.d-piu.com/punti-vendita-dpiu/d214-inverso-di-pinasca/,
Piobesi Torinese,Piobesi Torinese,https://www.d-piu.com/punti-vendita-dpiu/g807-piobesi-torinese/,"Via Galimberti, 20 Piobesi Torinese 10040 TO"
Piossasco,,https://www.d-piu.com/punti-vendita-dpiu/g807-piobesi-torinese/,
Torino,Pavone Canavese,https://www.d-piu.com/punti-vendita-dpiu/d033-pavone-canavese/,"Via Torino, 32 Pavone Canavese 10018 TO"
Torino,Carpignano Sesia,https://www.d-piu.com/punti-vendita-dpiu/d067-carpignano-sesia/,"Via Torino, 48 Carpignano Sesia 28064 NO"
Torino,Casteggio,https://www.d-piu.com/punti-vendita-dpiu/d219-casteggio/,"Via Torino, n. 123/A Casteggio 27045 PV"
Torino,Torino - Via Negarville,https://www.d-piu.com/punti-vendita-dpiu/d276-torino/,Via Negarville Torino 10135 TO
Torino,Torino - Via Passo Buole,https://www.d-piu.com/punti-vendita-dpiu/d285-torino-2/,"Via Passo Buole, 170 Torino 10135 TO"
Torre Canavese,,https://www.d-piu.com/punti-vendita-dpiu/d033-pavone-canavese/,
Torre Canavese,,https://www.d-piu.com/punti-vendita-dpiu/d067-carpignano-sesia/,
Torre Canavese,,https://www.d-piu.com/punti-vendita-dpiu/d219-casteggio/,
Torre Canavese,,https://www.d-piu.com/punti-vendita-dpiu/d276-torino/,
Torre Canavese,,https://www.d-piu.com/punti-vendita-dpiu/d285-torino-2/,
Volpiano,Volpiano,https://www.d-piu.com/punti-vendita-dpiu/d112-volpiano/,"Via Verdi, 2 Volpiano 10088 TO"
Anzola d'Ossola,,https://www.d-piu.com/punti-vendita-dpiu/d112-volpiano/,
Rossa,Rossano Veneto,https://www.d-piu.com/punti-vendita-dpiu/g706-rossano-veneto/,"Via 11 febbraio, 5 Rossano Veneto 36028 VI"
Rovasenda,,https://www.d-piu.com/punti-vendita-dpiu/g706-rossano-veneto/,
Vercelli,Vercelli,https://www.d-piu.com/punti-vendita-dpiu/d100-vercelli/,"Corso Amedeo Avogadro di Qaregna, 1 Vercelli 13100 VC"
Villarboit,,https://www.d-piu.com/punti-vendita-dpiu/d100-vercelli/,
Oria,Soriano nel Cimino,https://www.d-piu.com/punti-vendita-dpiu/d062-soriano-nel-cimino/,"Via Madonna di Loreto, 201, 01038 Soriano Nel Cimino VT"
Oria,Coriano,https://www.d-piu.com/punti-vendita-dpiu/d309-coriano/,"Via Ausa, 118/120 Coriano 47853 RN"
Oria,Dicomano,https://www.d-piu.com/punti-vendita-dpiu/d359-dicomano/,"Via della Vittoria, 20 Dicomano 50062 FI"
Ostuni,,https://www.d-piu.com/punti-vendita-dpiu/d062-soriano-nel-cimino/,
Ostuni,,https://www.d-piu.com/punti-vendita-dpiu/d309-coriano/,
Ostuni,,https://www.d-piu.com/punti-vendita-dpiu/d359-dicomano/,
Sini,Campospinoso,https://www.d-piu.com/punti-vendita-dpiu/d146-campospinoso/,Via Grisini Campospinoso 27040 PV
Siris,,https://www.d-piu.com/punti-vendita-dpiu/d146-campospinoso/,
Uri,Castelfiorentino,https://www.d-piu.com/punti-vendita-dpiu/d322-castelfiorentino/,"Via Bernardino Ciurini, 47C Castelfiorentino 50051 FI"
Uri,Castenaso,https://www.d-piu.com/punti-vendita-dpiu/d329-castenaso/,"CC Stellina, Piazza Marie Curie Castenaso 40055 BO"
Uri,Ponte Della Venturina,https://www.d-piu.com/punti-vendita-dpiu/g876-ponte-della-venturina/,"Via Nazionale, 153 Ponte Della Venturina 40046 BO"
Arbus,,https://www.d-piu.com/punti-vendita-dpiu/d322-castelfiorentino/,
Arbus,,https://www.d-piu.com/punti-vendita-dpiu/d329-castenaso/,
Arbus,,https://www.d-piu.com/punti-vendita-dpiu/g876-ponte-della-venturina/,
Gela,Argelato,https://www.d-piu.com/punti-vendita-dpiu/d383-argelato/,"Via Due Ponti, snc Argelato 40050 BO"
Mazzarino,,https://www.d-piu.com/punti-vendita-dpiu/d383-argelato/,
Giarre,Cismon Del Grappa,https://www.d-piu.com/punti-vendita-dpiu/g017-cismon-del-grappa/,"Via Giarre di sicilia, 2 Cismon Del Grappa 36020 VI"
Grammichele,,https://www.d-piu.com/punti-vendita-dpiu/g017-cismon-del-grappa/,
Enna,Ravenna - Via Dei Poggi,https://www.d-piu.com/punti-vendita-dpiu/d176-ravenna-2/,"Via Dei Poggi, 58 Ravenna 48100 RA"
Enna,Mezzano di Ravenna,https://www.d-piu.com/punti-vendita-dpiu/d282-mezzano-di-ravenna/,"Via Reale, 290 Mezzano di Ravenna 48123 RA"
Leonforte,,https://www.d-piu.com/punti-vendita-dpiu/d176-ravenna-2/,
Leonforte,,https://www.d-piu.com/punti-vendita-dpiu/d282-mezzano-di-ravenna/,
Falcone,Monfalcone,https://www.d-piu.com/punti-vendita-dpiu/d057-monfalcone/,"V.le S. Marco, 82 Monfalcone 34074 GO"
Ficarra,,https://www.d-piu.com/punti-vendita-dpiu/d057-monfalcone/,
Vittoria,Dicomano,https://www.d-piu.com/punti-vendita-dpiu/d359-dicomano/,"Via della Vittoria, 20 Dicomano 50062 FI"
Augusta,,https://www.d-piu.com/punti-vendita-dpiu/d359-dicomano/,
Arezzo,Arezzo - Via Sette Ponti,https://www.d-piu.com/punti-vendita-dpiu/d399-arezzo-2/,"Via Sette Ponti, 2 Arezzo 52100 AR"
Bucine,,https://www.d-piu.com/punti-vendita-dpiu/d399-arezzo-2/,
Capolona,,https://www.d-piu.com/punti-vendita-dpiu/d320-bucine/,
Monte San Savino,Monte San Savino,https://www.d-piu.com/punti-vendita-dpiu/d212-monte-san-savino/,"Viale Santa Maria delle Vertighe, 2/d Monte San Savino 52048 AR"
Montevarchi,,https://www.d-piu.com/punti-vendita-dpiu/d212-monte-san-savino/,
Ortignano Raggiolo,,https://www.d-piu.com/punti-vendita-dpiu/d226-montevarchi/,
Borgo San Lorenzo,Borgo San Lorenzo,https://www.d-piu.com/punti-vendita-dpiu/d201-borgo-san-lorenzo/,"Via P. Caiani, 60 Borgo San Lorenzo 50032 FI"
Calenzano,,https://www.d-piu.com/punti-vendita-dpiu/d201-borgo-san-lorenzo/,
Campi Bisenzio,,https://www.d-piu.com/punti-vendita-dpiu/g867-calenzano/,
Castelfiorentino,Castelfiorentino,https://www.d-piu.com/punti-vendita-dpiu/d322-castelfiorentino/,"Via Bernardino Ciurini, 47C Castelfiorentino 50051 FI"
Cerreto Guidi,,https://www.d-piu.com/punti-vendita-dpiu/d322-castelfiorentino/,
Firenze,Firenze - Via Sidney Sonnino,https://www.d-piu.com/punti-vendita-dpiu/g046-firenze/,"Via Sidney Sonnino, 8/A Firenze 50136 FI"
Firenze,Firenze,https://www.d-piu.com/punti-vendita-dpiu/g076-firenze/,"Via Baccio da Montelupo, 76 Firenze 50142 FI"
Fucecchio,,https://www.d-piu.com/punti-vendita-dpiu/g046-firenze/,
Fucecchio,,https://www.d-piu.com/punti-vendita-dpiu/g076-firenze/,
Montelupo Fiorentino,Montelupo Fiorentino,https://www.d-piu.com/punti-vendita-dpiu/d405-montelupo-fiorentino/,"Via Arti e Mestieri, 15 Montelupo Fiorentino 50056 FI"
Montespertoli,,https://www.d-piu.com/punti-vendita-dpiu/d405-montelupo-fiorentino/,
Sesto Fiorentino,Sesto Fiorentino,https://www.d-piu.com/punti-vendita-dpiu/g016-sesto-fiorentino/,"Viale Machiavelli, 23/25 Sesto Fiorentino 50019 FI"
Signa,,https://www.d-piu.com/punti-vendita-dpiu/g016-sesto-fiorentino/,
Vaglia,,https://www.d-piu.com/punti-vendita-dpiu/d259-signa/,
Vaglia,,https://www.d-piu.com/punti-vendita-dpiu/d303-fusignano/,
Vaglia,,https://www.d-piu.com/punti-vendita-dpiu/d370-borgo-tossignano/,
Vaglia,,https://www.d-piu.com/punti-vendita-dpiu/g002-pisignano/,
Vaglia,,https://www.d-piu.com/punti-vendita-dpiu/g033-rosignano-solvay/,
Vinci,Valdilana,https://www.d-piu.com/punti-vendita-dpiu/d047-valdilana/,"Via Provinciale, 52 Ponzone 13835 BI"
Vinci,Mesenzana,https://www.d-piu.com/punti-vendita-dpiu/d161-mesenzana/,"Via Provinciale, 55 Mesenzana 21030 VA"
Vinci,Inverso di Pinasca,https://www.d-piu.com/punti-vendita-dpiu/d214-inverso-di-pinasca/,"Via Provinciale, 205 Inverso di Pinasca 10060 TO"
Vinci,Samone,https://www.d-piu.com/punti-vendita-dpiu/d321-samone/,"Via Provinciale, 3 Samone 10010 TO"
Vinci,Vicopisano,https://www.d-piu.com/punti-vendita-dpiu/vicopisano/,"Via Provinciale Vicarese, 189, 56010 Vicopisano PI"
Vinci,,https://www.d-piu.com/punti-vendita-dpiu/g036-camaiore/,
Capalbio,,https://www.d-piu.com/punti-vendita-dpiu/d047-valdilana/,
Capalbio,,https://www.d-piu.com/punti-vendita-dpiu/d161-mesenzana/,
Capalbio,,https://www.d-piu.com/punti-vendita-dpiu/d214-inverso-di-pinasca/,
Capalbio,,https://www.d-piu.com/punti-vendita-dpiu/d321-samone/,
Capalbio,,https://www.d-piu.com/punti-vendita-dpiu/vicopisano/,
Capalbio,,https://www.d-piu.com/punti-vendita-dpiu/g036-camaiore/,
Castiglione della Pescaia,Castiglione Della Pescaia,https://www.d-piu.com/punti-vendita-dpiu/g943-castiglione-della-pescaia/,"Via Castiglionese S.P. del Padule, 3 Castiglione Della Pescaia 58043 GR"
Follonica,,https://www.d-piu.com/punti-vendita-dpiu/g943-castiglione-della-pescaia/,
Gavorrano,Filare di Gavorrano,https://www.d-piu.com/punti-vendita-dpiu/g963-filare-di-gavorrano/,"Via Giusti, 35 Filare di Gavorrano 58023 GR"
Grosseto,,https://www.d-piu.com/punti-vendita-dpiu/g963-filare-di-gavorrano/,
Cecina,Cecina,https://www.d-piu.com/punti-vendita-dpiu/g882-cecina/,"Via Raffaello Sanzio, 53 Cecina 57023 LI"
Collesalvetti,,https://www.d-piu.com/punti-vendita-dpiu/g882-cecina/,
Livorno,Livorno - Via Grotta delle Fate,https://www.d-piu.com/punti-vendita-dpiu/g891-livorno/,"Via Grotta delle Fate, 35 Livorno 57128 LI"
Livorno,Livorno - Via del Bosco,https://www.d-piu.com/punti-vendita-dpiu/g980-livorno-2/,"Via Del Bosco, 6 Livorno 27126 LI"
Marciana,,https://www.d-piu.com/punti-vendita-dpiu/g891-livorno/,
Marciana,,https://www.d-piu.com/punti-vendita-dpiu/g980-livorno-2/,
Camaiore,Camaiore,https://www.d-piu.com/punti-vendita-dpiu/g036-camaiore/,"Strada Provinciale 1, 388 Lucca 55041 LU"
Camporgiano,,https://www.d-piu.com/punti-vendita-dpiu/g036-camaiore/,
Lucca,Camaiore,https://www.d-piu.com/punti-vendita-dpiu/g036-camaiore/,"Strada Provinciale 1, 388 Lucca 55041 LU"
Massarosa,,https://www.d-piu.com/punti-vendita-dpiu/g036-camaiore/,
Aulla,Aulla,https://www.d-piu.com/punti-vendita-dpiu/d172-aulla/,"Via Della Repubblica, 45 Aulla 54011 MS"
Carrara,,https://www.d-piu.com/punti-vendita-dpiu/d172-aulla/,
Massa,Massa Marittima,https://www.d-piu.com/punti-vendita-dpiu/g070-massa-marittima/,"Via dei Chiodaioli, 2 Zona Industriale Valpiana 58024 GR"
Mulazzo,,https://www.d-piu.com/punti-vendita-dpiu/g070-massa-marittima/,
Castelfranco di Sotto,Castelfranco di Sotto,https://www.d-piu.com/punti-vendita-dpiu/d386-castelfranco-di-sotto/,"P.zza del Volontariato, 6 Castelfranco di Sotto 56022 PI"
Crespina Lorenzana,,https://www.d-piu.com/punti-vendita-dpiu/d386-castelfranco-di-sotto/,
Pisa,Pisa,https://www.d-piu.com/punti-vendita-dpiu/d270-pisa/,"Via Pietrasantina, 26 Pisa 56100 PI"
Pisa,Vicopisano,https://www.d-piu.com/punti-vendita-dpiu/vicopisano/,"Via Provinciale Vicarese, 189, 56010 Vicopisano PI"
Pisa,Roma - Via della Pisana,https://www.d-piu.com/punti-vendita-dpiu/g053-roma-via-della-pisana/,"Via della Pisana, 475 Roma 00163 RM"
Pomarance,,https://www.d-piu.com/punti-vendita-dpiu/d270-pisa/,
Pomarance,,https://www.d-piu.com/punti-vendita-dpiu/vicopisano/,
Pomarance,,https://www.d-piu.com/punti-vendita-dpiu/g053-roma-via-della-pisana/,
Pontedera,,https://www.d-piu.com/punti-vendita-dpiu/g071-pomarance/,
Ponte Buggianese,Ponte Buggianese,https://www.d-piu.com/punti-vendita-dpiu/d265-ponte-buggianese/,"Via Camporcioni, snc Ponte Buggianese 51019 PT"
Quarrata,,https://www.d-piu.com/punti-vendita-dpiu/d265-ponte-buggianese/,
Carmignano,,https://www.d-piu.com/punti-vendita-dpiu/d061-quarrata/,
Poggio a Caiano,Poggetto di Poggio a Caiano,https://www.d-piu.com/punti-vendita-dpiu/g862-poggetto-di-poggio-a-caiano/,"Via Statale, 7 Poggetto di Poggio a Caiano 59106 PO"
Prato,,https://www.d-piu.com/punti-vendita-dpiu/g862-poggetto-di-poggio-a-caiano/,
Abbadia San Salvatore,,https://www.d-piu.com/punti-vendita-dpiu/d079-pasian-di-prato/,
Abbadia San Salvatore,,https://www.d-piu.com/punti-vendita-dpiu/d398-prato/,
Monteroni d'Arbia,Monteroni d'Arbia,https://www.d-piu.com/punti-vendita-dpiu/d222-monteroni-darbia/,"Via Cassia Sud, 336/B Monteroni d'Arbia 53014 SI"
Monticiano,,https://www.d-piu.com/punti-vendita-dpiu/d222-monteroni-darbia/,
